Date,"Country,Other",TotalCases,NewCases,TotalDeaths,NewDeaths,TotalRecovered,NewRecovered,ActiveCases,"Serious,Critical",Tot Cases/1M pop,Deaths/1M pop,TotalTests,Tests/1M pop,Population,Continent,1 Caseevery X ppl,1 Deathevery X ppl,1 Testevery X ppl,New Cases/1M pop,New Deaths/1M pop,Active Cases/1M pop
1/12/2021,USA,"49,428,913",,"803,045 ",,"39,205,902",,"9,419,966","13,201","148,104","2,406","753,993,369","2,259,195","333,744,223 ",North America,7,416,0,,,"28,225"
1/12/2021,India,"34,596,776",,"469,247 ",,"34,028,506","+10,207","99,023","8,944","24,727",335,"642,412,315","459,141","1,399,161,383 ",Asia,40,"2,982",2,,,71
1/12/2021,Brazil,"22,094,459",,"614,754 ",,"21,321,631",,"158,074","8,318","102,912","2,863","63,776,166","297,057","214,693,373 ",South America,10,349,3,,,736
1/12/2021,UK,"10,228,772",,"144,969 ",,"9,062,561",,"1,021,242",916,"149,566","2,120","362,531,048","5,300,958","68,389,728 ",Europe,7,472,0,,,"14,933"
1/12/2021,Russia,"9,636,881",,"275,193 ",,"8,329,253",,"1,032,435","2,300","65,996","1,885","224,900,000","1,540,170","146,022,882 ",Europe,15,531,1,,,"7,070"
1/12/2021,Turkey,"8,795,588",,"76,842 ",,"8,326,381",,"392,365","1,405","102,728",897,"107,680,920","1,257,656","85,620,347 ",Asia,10,"1,114",1,,,"4,583"
1/12/2021,France,"7,675,504",,"119,131 ",,"7,124,909",,"431,464","1,824","117,223","1,819","162,981,031","2,489,112","65,477,576 ",Europe,9,550,0,,,"6,589"
1/12/2021,Iran,"6,117,445",,"129,830 ",,"5,883,470",,"104,145","3,334","71,540","1,518","38,439,240","449,527","85,510,446 ",Asia,14,659,2,,,"1,218"
1/12/2021,Germany,"5,881,423",,"102,137 ",,"4,937,600","+44,300","841,686","4,459","69,882","1,214","83,816,414","995,889","84,162,420 ",Europe,14,824,1,,,"10,001"
1/12/2021,Argentina,"5,330,748",,"116,589 ",,"5,193,691",,"20,468",617,"116,439","2,547","26,222,843","572,784","45,781,390 ",South America,9,393,2,,,447
1/12/2021,Spain,"5,164,184",,"88,052 ",,"4,923,140",,"152,992",713,"110,392","1,882","66,213,858","1,415,420","46,780,367 ",Europe,9,531,1,,,"3,270"
1/12/2021,Colombia,"5,069,644",,"128,528 ",,"4,909,572",,"31,544",342,"98,156","2,489","28,112,712","544,307","51,648,595 ",South America,10,402,2,,,611
1/12/2021,Italy,"5,028,547",,"133,828 ",,"4,700,449",,"194,270",683,"83,342","2,218","119,331,735","1,977,780","60,336,188 ",Europe,12,451,1,,,"3,220"
1/12/2021,Indonesia,"4,256,409",,"143,830 ",,"4,104,657",,"7,922",,"15,332",518,"54,475,477","196,232","277,607,186 ",Asia,65,"1,930",5,,,29
1/12/2021,Mexico,"3,887,873","+3,307","294,246 ",+296,"3,245,219","+2,272","348,408","4,798","29,714","2,249","11,861,186","90,650","130,845,299 ",North America,34,445,11,25,2,"2,663"
1/12/2021,Poland,"3,540,061",,"83,583 ",,"3,038,451",,"418,027","1,825","93,682","2,212","24,340,316","644,128","37,788,035 ",Europe,11,452,2,,,"11,062"
1/12/2021,Ukraine,"3,450,341","+11,960","86,532  ",+557,"2,972,192","+26,160","391,617",177,"79,570","1,996","15,917,165","367,073","43,362,378 ",Europe,13,501,3,276,13,"9,031"
1/12/2021,South Africa,"2,968,052",,"89,843 ",,"2,849,558",,"28,651",546,"49,169","1,488","19,477,054","322,659","60,364,210 ",Africa,20,672,3,,,475
1/12/2021,Philippines,"2,832,734",,"48,545 ",,"2,768,389",,"15,800","1,023","25,374",435,"24,238,501","217,114","111,639,683 ",Asia,39,"2,300",5,,,142
1/12/2021,Netherlands,"2,643,176",,"19,414 ",,"2,112,638",,"511,124",604,"153,776","1,129","19,205,114","1,117,327","17,188,438 ",Europe,7,885,1,,,"29,737"
1/12/2021,Malaysia,"2,632,782",,"30,425 ",,"2,537,204",,"65,153",509,"79,899",923,"37,735,175","1,145,179","32,951,341 ",Asia,13,"1,083",1,,,"1,977"
1/12/2021,Peru,"2,236,351",,"201,176 ",,N/A,N/A,N/A,971,"66,518","5,984","20,314,089","604,225","33,620,094 ",South America,15,167,2,,,"9,355"
1/12/2021,Czechia,"2,172,084","+21,973","33,186 ",+54,"1,860,920",+460,"277,978","1,069","202,298","3,091","43,809,304","4,080,199","10,737,051 ",Europe,5,324,0,"2,046",5,"25,890"
1/12/2021,Thailand,"2,120,758","+4,886","20,812 ",+43,"2,025,754","+6,326","74,192","1,369","30,276",297,"14,913,135","212,901","70,047,428 ",Asia,33,"3,366",5,70,0.6,"1,059"
1/12/2021,Iraq,"2,081,172",,"23,820 ",,"2,045,021",,"12,331",103,"50,155",574,"16,341,046","393,807","41,495,089 ",Asia,20,"1,742",3,,,297
1/12/2021,Canada,"1,792,500",,"29,687 ",,"1,737,256",,"25,557",497,"46,912",777,"48,807,147","1,277,358","38,209,443 ",North America,21,"1,287",1,,,669
1/12/2021,Romania,"1,779,667",,"56,529 ",,"1,686,752",,"36,386","1,146","93,390","2,966","16,019,397","840,636","19,056,290 ",Europe,11,337,1,,,"1,909"
1/12/2021,Belgium,"1,766,035","+16,566","27,015 ",+49,"1,340,916","+7,106","398,104",760,"151,450","2,317","24,726,131","2,120,435","11,660,874 ",Europe,7,432,0,"1,421",4,"34,140"
1/12/2021,Chile,"1,762,751",,"38,346 ",,"1,656,702",,"67,703",696,"91,108","1,982","25,592,070","1,322,730","19,347,920 ",South America,11,505,1,,,"3,499"
1/12/2021,Japan,"1,727,304",+83,"18,360 ",+1,"1,708,079",+73,865,43,"13,716",146,"27,926,519","221,764","125,929,267 ",Asia,73,"6,859",5,0.7,0.01,7
1/12/2021,Bangladesh,"1,576,284",,"27,981 ",,"1,540,965",,"7,338","1,382","9,438",168,"10,888,751","65,200","167,006,043 ",Asia,106,"5,969",15,,,44
1/12/2021,Israel,"1,343,660",,"8,196 ",,"1,329,800",,"5,664",115,"144,077",879,"31,188,024","3,344,202","9,326,000 ",Asia,7,"1,138",0,,,607
1/12/2021,Pakistan,"1,285,254",+414,"28,737 ",+9,"1,242,354",+118,"14,163",896,"5,663",127,"22,028,156","97,065","226,941,972 ",Asia,177,"7,897",10,2,0.04,62
1/12/2021,Serbia,"1,254,845",,"11,691 ",,"1,193,265",,"49,889",199,"144,440","1,346","6,814,207","784,358","8,687,629 ",Europe,7,743,1,,,"5,743"
1/12/2021,Vietnam,"1,238,082",,"25,252 ",,"989,348",,"223,482","5,788","12,560",256,"68,317,914","693,053","98,575,292 ",Asia,80,"3,904",1,,,"2,267"
1/12/2021,Sweden,"1,204,859",,"15,119 ",,"1,158,493",,"31,247",42,"118,260","1,484","13,708,481","1,345,524","10,188,210 ",Europe,8,674,1,,,"3,067"
1/12/2021,Austria,"1,159,995",,"12,492  ",,"1,007,909",,"139,594",642,"127,767","1,376","110,579,782","12,179,754","9,078,983 ",Europe,8,727,0,,,"15,376"
1/12/2021,Portugal,"1,147,249",,"18,441 ",,"1,075,237",,"53,571",116,"112,977","1,816","21,283,107","2,095,889","10,154,691 ",Europe,9,551,0,,,"5,275"
1/12/2021,Hungary,"1,103,108",,"34,521 ",,"882,659",,"185,928",513,"114,600","3,586","8,443,744","877,210","9,625,685 ",Europe,9,279,1,,,"19,316"
1/12/2021,Switzerland,"1,009,900",,"11,541 ",,"861,500",,"136,859",203,"115,496","1,320","12,403,612","1,418,527","8,744,009 ",Europe,9,758,1,,,"15,652"
1/12/2021,Kazakhstan,"972,292",+751,"12,703 ",+7,"937,383","+1,433","22,206",528,"50,922",665,"11,575,012","606,220","19,093,759 ",Asia,20,"1,503",2,39,0.4,"1,163"
1/12/2021,Cuba,"962,486",,"8,304 ",,"953,337",,845,23,"85,049",734,"11,097,946","980,657","11,316,847 ",North America,12,"1,363",1,,,75
1/12/2021,Jordan,"953,943",,"11,608 ",,"887,074",,"55,261","1,064","92,203","1,122","12,169,073","1,176,193","10,346,151 ",Asia,11,891,1,,,"5,341"
1/12/2021,Morocco,"949,917",,"14,776 ",,"932,291",,"2,850",347,"25,312",394,"10,444,492","278,311","37,528,160 ",Africa,40,"2,540",4,,,76
1/12/2021,Greece,"938,903",,"18,157 ",,"843,050",,"77,696",664,"90,706","1,754","36,357,597","3,512,440","10,351,094 ",Europe,11,570,0,,,"7,506"
1/12/2021,Georgia,"850,102","+4,459","12,119 ",+65,"792,158","+3,957","45,825",,"213,682","3,046","11,612,050","2,918,813","3,978,346 ",Asia,5,328,0,"1,121",16,"11,519"
1/12/2021,Nepal,"821,366",,"11,526 ",,"802,909",,"6,931",,"27,492",386,"4,622,560","154,724","29,876,090 ",Asia,36,"2,592",6,,,232
1/12/2021,UAE,"742,041",,"2,147 ",,"736,939",,"2,955",,"73,768",213,"101,356,006","10,076,061","10,059,090 ",Asia,14,"4,685",0,,,294
1/12/2021,Tunisia,"717,572",,"25,373 ",,"691,031",,"1,168",58,"59,831","2,116","3,177,078","264,906","11,993,220 ",Africa,17,473,4,,,97
1/12/2021,Bulgaria,"695,057",,"28,453 ",,"561,485",,"105,119",717,"101,106","4,139","6,576,558","956,659","6,874,506 ",Europe,10,242,1,,,"15,291"
1/12/2021,Slovakia,"680,084",,"14,418 ",,"555,448",,"110,218",585,"124,480","2,639","4,585,219","839,264","5,463,379 ",Europe,8,379,1,,,"20,174"
1/12/2021,Lebanon,"670,656",,"8,725 ",,"633,299",,"28,632",186,"98,884","1,286","4,795,578","707,078","6,782,245 ",Asia,10,777,1,,,"4,222"
1/12/2021,Belarus,"654,718",,"5,081 ",,"641,570",,"8,067",,"69,320",538,"10,386,520","1,099,693","9,444,931 ",Europe,14,"1,859",1,,,854
1/12/2021,Guatemala,"617,984",,"15,943 ",,"600,621",,"1,420",5,"33,617",867,"3,120,035","169,723","18,383,054 ",North America,30,"1,153",6,,,77
1/12/2021,Croatia,"608,205",,"10,899 ",,"567,869",,"29,437",314,"149,455","2,678","3,449,298","847,601","4,069,482 ",Europe,7,373,1,,,"7,234"
1/12/2021,Azerbaijan,"588,318",,"7,856 ",,"554,749",,"25,713",,"57,295",765,"5,539,284","539,459","10,268,225 ",Asia,17,"1,307",2,,,"2,504"
1/12/2021,Ireland,"570,115",,"5,652 ",,"441,593",,"122,870",122,"113,667","1,127","8,983,297","1,791,052","5,015,655 ",Europe,9,887,1,,,"24,497"
1/12/2021,Costa Rica,"566,839",,"7,299 ",,"548,020",,"11,520",83,"109,857","1,415","2,715,029","526,188","5,159,803 ",North America,9,707,2,,,"2,233"
1/12/2021,Sri Lanka,"563,989",,"14,346 ",,"529,662",,"19,981",,"26,183",666,"5,640,979","261,883","21,540,081 ",Asia,38,"1,501",4,,,928
1/12/2021,Saudi Arabia,"549,752",,"8,836 ",,"538,913",,"2,003",40,"15,452",248,"31,494,154","885,191","35,578,933 ",Asia,65,"4,027",1,,,56
1/12/2021,Bolivia,"537,559",,"19,171 ",,"492,921",,"25,467",220,"45,182","1,611","2,593,083","217,947","11,897,757 ",South America,22,621,5,,,"2,140"
1/12/2021,Ecuador,"526,870",,"33,250 ",,"443,880",,"49,740",759,"29,236","1,845","2,013,368","111,723","18,021,114 ",South America,34,542,9,,,"2,760"
1/12/2021,Myanmar,"522,402",,"19,104 ",,"497,249",,"6,049",,"9,511",348,"5,583,908","101,664","54,924,965 ",Asia,105,"2,875",10,,,110
1/12/2021,Denmark,"487,401",,"2,895 ",,"403,118",,"81,388",60,"83,731",497,"93,815,873","16,116,747","5,821,018 ",Europe,12,"2,011",0,,,"13,982"
1/12/2021,Panama,"477,742",,"7,365 ",,"467,826",,"2,551",20,"108,317","1,670","4,236,620","960,552","4,410,610 ",North America,9,599,1,,,578
1/12/2021,Lithuania,"470,298",,"6,737 ",,"435,768",,"27,793",127,"176,235","2,525","6,143,115","2,302,015","2,668,582 ",Europe,6,396,0,,,"10,415"
1/12/2021,Paraguay,"463,058",,"16,472 ",,"445,793",,793,38,"63,815","2,270","1,948,511","268,530","7,256,214 ",South America,16,441,4,,,109
1/12/2021,S. Korea,"452,350","+5,120","3,658 ",+34,"398,323","+2,253","50,369",723,"8,812",71,"15,804,065","307,882","51,331,529 ",Asia,113,"14,033",3,100,0.7,981
1/12/2021,Venezuela,"431,296",,"5,144 ",,"418,472",,"7,680",681,"15,228",182,"3,359,014","118,601","28,322,074 ",South America,66,"5,506",8,,,271
1/12/2021,Palestine,"430,443",,"4,535 ",,"422,781",,"3,127",42,"81,700",861,"2,736,577","519,413","5,268,600 ",Asia,12,"1,162",2,,,594
1/12/2021,Slovenia,"420,898",,"5,224 ",,"378,536",,"37,138",190,"202,419","2,512","1,936,323","931,219","2,079,342 ",Europe,5,398,1,,,"17,860"
1/12/2021,Kuwait,"413,362",,"2,465 ",,"410,627",,270,,"94,814",565,"5,330,503","1,222,677","4,359,700 ",Asia,11,"1,769",1,,,62
1/12/2021,Dominican Republic,"407,251",,"4,204 ",,"399,896",,"3,151",186,"37,018",382,"2,458,249","223,447","11,001,505 ",North America,27,"2,617",4,,,286
1/12/2021,Uruguay,"399,695",,"6,131 ",,"391,489",,"2,075",12,"114,502","1,756","4,109,262","1,177,190","3,490,737 ",South America,9,569,1,,,594
1/12/2021,Mongolia,"382,082",+554,"2,005 ",+2,"313,256",,"66,821",192,"113,960",598,"4,030,048","1,202,002","3,352,781 ",Asia,9,"1,672",1,165,0.6,"19,930"
1/12/2021,Honduras,"377,888",,"10,403 ",,"120,308",,"247,177",59,"37,315","1,027","1,121,382","110,733","10,126,888 ",North America,27,973,9,,,"24,408"
1/12/2021,Libya,"372,636",,"5,456 ",,"345,986",,"21,194",,"53,210",779,"1,908,835","272,567","7,003,170 ",Africa,19,"1,284",4,,,"3,026"
1/12/2021,Ethiopia,"371,536",,"6,755 ",,"349,037",,"15,744",233,"3,123",57,"3,871,923","32,543","118,977,453 ",Africa,320,"17,613",31,,,132
1/12/2021,Moldova,"363,774",,"9,119 ",,"363,774",,"-9,119",206,"90,475","2,268","2,210,968","549,895","4,020,713 ",Europe,11,441,2,,,"-2,268.01"
1/12/2021,Egypt,"358,578",,"20,474 ",,"297,536",,"40,568",90,"3,413",195,"3,693,367","35,156","105,056,935 ",Africa,293,"5,131",28,,,386
1/12/2021,Armenia,"339,020",+502,"7,610 ",+43,"317,765",+590,"13,645",,"114,107","2,561","2,373,959","799,025","2,971,068 ",Asia,9,390,1,169,14,"4,593"
1/12/2021,Oman,"304,554",,"4,113 ",,"300,005",,436,4,"57,575",778,"25,000,000","4,726,190","5,289,673 ",Asia,17,"1,286",0,,,82
1/12/2021,Bahrain,"277,690",,"1,394 ",,"275,953",,343,2,"155,582",781,"7,401,706","4,146,981","1,784,842 ",Asia,6,"1,280",0,,,192
1/12/2021,Bosnia and Herzegovina,"275,065",,"12,586 ",,"192,218",,"70,261",,"84,584","3,870","1,397,409","429,711","3,251,974 ",Europe,12,258,2,,,"21,606"
1/12/2021,Norway,"267,843",,"1,054 ",,"88,952",,"177,837",59,"48,867",192,"8,592,158","1,567,596","5,481,106 ",Europe,20,"5,200",1,,,"32,445"
1/12/2021,Singapore,"264,725",,718 ,,"251,533",,"12,474",65,"44,752",121,"21,098,774","3,566,802","5,915,319 ",Asia,22,"8,239",0,,,"2,109"
1/12/2021,Kenya,"255,088",,"5,335 ",,"248,318",,"1,435",20,"4,601",96,"2,835,065","51,136","55,441,352 ",Africa,217,"10,392",20,,,26
1/12/2021,Latvia,"253,659",,"4,179 ",,"236,997",,"12,483",171,"136,617","2,251","5,334,912","2,873,307","1,856,715 ",Europe,7,444,0,,,"6,723"
1/12/2021,Qatar,"243,447",,611 ,,"240,791",,"2,045",15,"86,704",218,"2,993,286","1,066,059","2,807,805 ",Asia,12,"4,595",1,,,728
1/12/2021,Estonia,"222,584",,"1,798 ",,"202,174",,"18,612",35,"167,634","1,354","2,334,155","1,757,917","1,327,796 ",Europe,6,738,1,,,"14,017"
1/12/2021,North Macedonia,"215,585",,"7,581 ",,"200,003",,"8,001",,"103,485","3,639","1,471,420","706,309","2,083,253 ",Europe,10,275,1,,,"3,841"
1/12/2021,Nigeria,"214,218",,"2,977 ",,"207,304",,"3,937",11,"1,004",14,"3,479,682","16,310","213,341,137 ",Africa,996,"71,663",61,,,18
1/12/2021,Australia,"211,654","+1,415","2,011 ",+5,"192,746",,"16,897",71,"8,166",78,"48,067,879","1,854,645","25,917,562 ",Australia/Oceania,122,"12,888",1,55,0.2,652
1/12/2021,Algeria,"210,531",,"6,071 ",,"144,450",,"60,010",14,"4,682",135,"230,861","5,134","44,968,076 ",Africa,214,"7,407",195,,,"1,335"
1/12/2021,Zambia,"210,169",,"3,667 ",,"206,406",,96,7,"10,998",192,"2,721,665","142,426","19,109,375 ",Africa,91,"5,211",7,,,5
1/12/2021,Albania,"199,945",,"3,096 ",,"189,784",,"7,065",23,"69,586","1,077","1,394,136","485,194","2,873,357 ",Europe,14,928,2,,,"2,459"
1/12/2021,Botswana,"195,068",,"2,418 ",,"192,048",,602,1,"80,654","1,000","1,869,359","772,912","2,418,592 ",Africa,12,"1,000",1,,,249
1/12/2021,Uzbekistan,"193,424",+216,"1,406 ",+4,"190,028",+169,"1,990",23,"5,663",41,"1,377,915","40,344","34,153,753 ",Asia,177,"24,291",25,6,0.1,58
1/12/2021,Finland,"186,538",,"1,335 ",,"46,000",,"139,203",51,"33,593",240,"7,896,869","1,422,121","5,552,881 ",Europe,30,"4,159",1,,,"25,069"
1/12/2021,Kyrgyzstan,"183,404",+53,"2,749 ",+3,"178,332",+102,"2,323",131,"27,472",412,"1,836,381","275,069","6,676,068 ",Asia,36,"2,429",4,8,0.4,348
1/12/2021,Montenegro,"157,376",,"2,307 ",,"152,495",,"2,574",60,"250,528","3,673","906,988","1,443,839","628,178 ",Europe,4,272,1,,,"4,098"
1/12/2021,Afghanistan,"157,289",,"7,308 ",,"140,549",,"9,432","1,124","3,916",182,"792,156","19,723","40,164,434 ",Asia,255,"5,496",51,,,235
1/12/2021,Mozambique,"151,548",,"1,941 ",,"149,514",,93,8,"4,665",60,"977,894","30,099","32,489,229 ",Africa,214,"16,738",33,,,3
1/12/2021,Zimbabwe,"134,625",,"4,707 ",,"128,747",,"1,171",12,"8,875",310,"1,593,325","105,043","15,168,267 ",Africa,113,"3,222",10,,,77
1/12/2021,Cyprus,"134,473",,597 ,,"124,370",,"9,506",51,"110,244",489,"9,477,138","7,769,598","1,219,772 ",Asia,9,"2,043",0,,,"7,793"
1/12/2021,Ghana,"130,920",,"1,209 ",,"129,042",,669,5,"4,093",38,"1,933,408","60,442","31,987,619 ",Africa,244,"26,458",17,,,21
1/12/2021,Namibia,"129,187",,"3,573 ",,"125,487",,127,2,"49,576","1,371","787,883","302,355","2,605,818 ",Africa,20,729,3,,,49
1/12/2021,Uganda,"127,512",,"3,252 ",,"97,537",,"26,723",115,"2,669",68,"1,958,401","40,992","47,775,449 ",Africa,375,"14,691",24,,,559
1/12/2021,Cambodia,"120,160",+26,"2,944 ",+4,"116,529",+22,687,,"7,049",173,"2,719,826","159,562","17,045,531 ",Asia,142,"5,790",6,2,0.2,40
1/12/2021,El Salvador,"119,803",,"3,776 ",,"102,982",,"13,045",336,"18,340",578,"1,440,742","220,552","6,532,435 ",North America,55,"1,730",5,,,"1,997"
1/12/2021,Cameroon,"106,794",,"1,791 ",,"102,716",,"2,287",152,"3,887",65,"1,751,774","63,754","27,477,249 ",Africa,257,"15,342",16,,,83
1/12/2021,Rwanda,"100,349",,"1,342 ",,"45,522",,"53,485",1,"7,486",100,"3,480,201","259,624","13,404,774 ",Africa,134,"9,989",4,,,"3,990"
1/12/2021,Maldives,"91,650",,250 ,,"89,774",,"1,626",23,"165,441",451,"1,751,178","3,161,114","553,975 ",Asia,6,"2,216",0,,,"2,935"
1/12/2021,Jamaica,"91,249",,"2,392 ",,"62,642",,"26,215",11,"30,626",803,"672,626","225,757","2,979,425 ",North America,33,"1,246",4,,,"8,799"
1/12/2021,Luxembourg,"89,181",,875 ,,"83,919",,"4,387",12,"139,270","1,366","3,688,070","5,759,487","640,347 ",Europe,7,732,0,,,"6,851"
1/12/2021,Senegal,"73,987",,"1,885 ",,"72,091",,11,2,"4,261",109,"874,023","50,330","17,365,747 ",Africa,235,"9,213",20,,,0.6
1/12/2021,Laos,"73,738",,170 ,,"7,339",,"66,229",,"9,932",23,"788,302","106,175","7,424,555 ",Asia,101,"43,674",9,,,"8,920"
1/12/2021,Trinidad and Tobago,"71,361",,"2,158 ",,"58,363",,"10,840",22,"50,759","1,535","445,676","317,006","1,405,890 ",North America,20,651,3,,,"7,710"
1/12/2021,Angola,"65,168",,"1,733 ",,"63,214",,221,3,"1,900",51,"1,179,270","34,375","34,306,210 ",Africa,526,"19,796",29,,,6
1/12/2021,Malawi,"61,916",,"2,306 ",,"58,807",,803,67,"3,123",116,"442,053","22,296","19,826,625 ",Africa,320,"8,598",45,,,41
1/12/2021,Ivory Coast,"61,724",,704 ,,"60,739",,281,,"2,261",26,"1,151,972","42,198","27,298,982 ",Africa,442,"38,777",24,,,10
1/12/2021,Réunion,"61,188",,384 ,,"57,781",,"3,023",18,"67,661",425,"1,347,378","1,489,909","904,336 ",Africa,15,"2,355",1,,,"3,343"
1/12/2021,DRC,"58,234",,"1,107 ",,"50,930",,"6,197",,624,12,"306,299","3,280","93,396,693 ",Africa,"1,604","84,369",305,,,66
1/12/2021,Guadeloupe,"55,147",,746 ,,"2,250",,"52,151",23,"137,791","1,864","551,264","1,377,399","400,221 ",North America,7,536,1,,,"130,306"
1/12/2021,Fiji,"52,506",,696 ,,"51,037",,773,,"57,978",769,"460,369","508,347","905,619 ",Australia/Oceania,17,"1,301",2,,,854
1/12/2021,Suriname,"50,848",+25,"1,167 ",+1,"29,574",+4,"20,107",8,"85,595","1,964","159,736","268,891","594,054 ",South America,12,509,4,42,2,"33,847"
1/12/2021,Syria,"48,170",,"2,749 ",,"29,172",,"16,249",,"2,661",152,"103,566","5,722","18,099,930 ",Asia,376,"6,584",175,,,898
1/12/2021,Eswatini,"46,656",,"1,248 ",,"45,242",,166,10,"39,636","1,060","388,843","330,333","1,177,124 ",Africa,25,943,3,,,141
1/12/2021,French Guiana,"46,014",,327 ,,"11,254",,"34,433",9,"148,627","1,056","451,659","1,458,880","309,593 ",South America,7,947,1,,,"111,220"
1/12/2021,French Polynesia,"45,609",,636 ,,N/A,N/A,N/A,7,"161,048","2,246",,,"283,202 ",Australia/Oceania,6,445,,,,"40,512"
1/12/2021,Martinique,"45,501",,718 ,,104,,"44,679",1,"121,383","1,915","416,247","1,110,424","374,854 ",North America,8,522,1,,,"119,190"
1/12/2021,Madagascar,"44,330",,967 ,,"42,915",,448,3,"1,545",34,"283,728","9,888","28,694,316 ",Africa,647,"29,674",101,,,16
1/12/2021,Sudan,"43,084",,"3,159 ",,"32,905",,"7,020",,951,70,"238,579","5,268","45,292,601 ",Africa,"1,051","14,338",190,,,155
1/12/2021,Malta,"39,435",,468 ,,"37,386",,"1,581",2,"88,977","1,056","1,211,456","2,733,405","443,204 ",Europe,11,947,0,,,"3,567"
1/12/2021,Mauritania,"39,266",,832 ,,"37,546",,888,14,"8,143",173,"504,140","104,552","4,821,895 ",Africa,123,"5,796",10,,,184
1/12/2021,Cabo Verde,"38,370",,349 ,,"37,953",,68,23,"67,970",618,"211,166","374,068","564,513 ",Africa,15,"1,618",3,,,120
1/12/2021,Guyana,"37,874",,994 ,,"35,651",,"1,229",18,"47,826","1,255","390,796","493,484","791,913 ",South America,21,797,2,,,"1,552"
1/12/2021,Gabon,"37,342",,279 ,,"32,296",,"4,767",10,"16,237",121,"1,399,453","608,518","2,299,771 ",Africa,62,"8,243",2,,,"2,073"
1/12/2021,Papua New Guinea,"35,179",,546 ,,"33,989",,644,7,"3,830",59,"249,149","27,122","9,186,083 ",Australia/Oceania,261,"16,824",37,,,70
1/12/2021,Guinea,"30,770",,387 ,,"29,725",,658,49,"2,257",28,"569,940","41,801","13,634,756 ",Africa,443,"35,232",24,,,48
1/12/2021,Belize,"30,431",,578 ,,"28,768",,"1,085",10,"74,620","1,417","349,397","856,762","407,811 ",North America,13,706,1,,,"2,661"
1/12/2021,Tanzania,"26,270",,730 ,,N/A,N/A,N/A,7,423,12,,,"62,131,352 ",Africa,"2,365","85,111",,,,408
1/12/2021,Togo,"26,265",,243 ,,"25,915",,107,,"3,071",28,"580,145","67,835","8,552,259 ",Africa,326,"35,194",15,,,13
1/12/2021,Barbados,"25,316",,229 ,,"22,029",,"3,058",,"87,942",795,"436,531","1,516,407","287,872 ",North America,11,"1,257",1,,,"10,623"
1/12/2021,Haiti,"25,175",,738 ,,"21,262",,"3,175",,"2,170",64,"132,422","11,417","11,598,748 ",North America,461,"15,716",88,,,274
1/12/2021,Benin,"24,850",,161 ,,"24,546",,143,5,"1,977",13,"604,310","48,073","12,570,703 ",Africa,506,"78,079",21,,,11
1/12/2021,Seychelles,"23,197",,125 ,,"22,590",,482,,"233,824","1,260",,,"99,207 ",Africa,4,794,,,,"4,859"
1/12/2021,Somalia,"23,016",,"1,327 ",,"12,046",,"9,643",,"1,393",80,"262,138","15,870","16,517,979 ",Africa,718,"12,448",63,,,584
1/12/2021,Bahamas,"22,791",,671 ,,"21,609",,511,4,"57,185","1,684","168,678","423,229","398,550 ",North America,17,594,2,,,"1,282"
1/12/2021,Lesotho,"21,779",,662 ,,"13,689",,"7,428",,"10,054",306,"259,044","119,583","2,166,232 ",Africa,99,"3,272",8,,,"3,429"
1/12/2021,Mauritius,"21,543",,455 ,,"19,716",,"1,372",,"16,900",357,"358,675","281,369","1,274,750 ",Africa,59,"2,802",4,,,"1,076"
1/12/2021,Mayotte,"20,973",,185 ,,"2,964",,"17,824",,"74,348",656,"176,919","627,163","282,094 ",Africa,13,"1,525",2,,,"63,185"
1/12/2021,Burundi,"20,415",,38 ,,773,,"19,604",,"1,648",3,"345,742","27,906","12,389,652 ",Africa,607,"326,043",36,,,"1,582"
1/12/2021,Timor-Leste,"19,822",,122 ,,"19,697",,3,,"14,641",90,"169,501","125,198","1,353,865 ",Asia,68,"11,097",8,,,2
1/12/2021,Congo,"18,970",,354 ,,"12,421",,"6,195",,"3,323",62,"188,207","32,964","5,709,536 ",Africa,301,"16,129",30,,,"1,085"
1/12/2021,Channel Islands,"18,182",,103 ,,"15,907",,"2,172",,"103,233",585,"1,079,242","6,127,670","176,126 ",Europe,10,"1,710",0,,,"12,332"
1/12/2021,Iceland,"17,894",,35 ,,"16,318",,"1,541",2,"51,961",102,"1,248,736","3,626,136","344,371 ",Europe,19,"9,839",0,,,"4,475"
1/12/2021,Mali,"17,434",,606 ,,"15,161",,"1,667",,827,29,"489,401","23,225","21,072,584 ",Africa,"1,209","34,773",43,,,79
1/12/2021,Curaçao,"17,401",,178 ,,"17,119",,104,3,"105,434","1,079","336,234","2,037,276","165,041 ",North America,9,927,0,,,630
1/12/2021,Nicaragua,"17,254",,210 ,,"4,225",,"12,819",,"2,562",31,,,"6,735,816 ",North America,390,"32,075",,,,"1,903"
1/12/2021,Andorra,"17,185",,131 ,,"15,955",,"1,099",4,"221,914","1,692","193,595","2,499,935","77,440 ",Europe,5,591,0,,,"14,192"
1/12/2021,Tajikistan,"17,095",,124 ,,"16,966",,5,,"1,737",13,,,"9,839,683 ",Asia,576,"79,352",,,,0.5
1/12/2021,Taiwan,"16,609",+8,848 ,,"15,617",+9,144,,696,36,"8,406,970","352,085","23,877,680 ",Asia,"1,438","28,158",3,0.3,,6
1/12/2021,Aruba,"16,354",,174 ,,"15,994",,186,13,"152,263","1,620","177,885","1,656,192","107,406 ",North America,7,617,1,,,"1,732"
1/12/2021,Burkina Faso,"16,000",,286 ,,"15,345",,369,,737,13,"234,250","10,789","21,710,933 ",Africa,"1,357","75,912",93,,,17
1/12/2021,Brunei ,"15,058",,97 ,,"14,451",,510,4,"33,961",219,"614,805","1,386,588","443,394 ",Asia,29,"4,571",1,,,"1,150"
1/12/2021,Equatorial Guinea,"13,592",,175 ,,"13,343",,74,1,"9,260",119,"242,340","165,094","1,467,891 ",Africa,108,"8,388",6,,,50
1/12/2021,Djibouti,"13,504",,186 ,,"13,293",,25,,"13,393",184,"246,724","244,699","1,008,276 ",Africa,75,"5,421",4,,,25
1/12/2021,Saint Lucia,"13,000",,280 ,,"12,607",,113,9,"70,341","1,515","100,242","542,397","184,813 ",North America,14,660,2,,,611
1/12/2021,South Sudan,"12,758",,133 ,,"12,463",,162,2,"1,121",12,"267,531","23,511","11,378,990 ",Africa,892,"85,556",43,,,14
1/12/2021,Hong Kong,"12,437",,213 ,,"12,133",,91,,"1,640",28,"28,195,188","3,718,272","7,582,874 ",Asia,610,"35,600",0,,,12
1/12/2021,New Caledonia,"12,185",+26,276 ,,"11,604",+13,305,11,"42,108",954,"42,756","147,754","289,373 ",Australia/Oceania,24,"1,048",7,90,,"1,054"
1/12/2021,New Zealand,"11,723",+147,44 ,,"5,671",+17,"6,008",64,"2,344",9,"4,941,226","987,830","5,002,100 ",Australia/Oceania,427,"113,684",1,29,,"1,201"
1/12/2021,CAR,"11,708",,101  ,,"6,859",,"4,748",2,"2,366",20,"60,228","12,172","4,948,236 ",Africa,423,"48,992",82,,,960
1/12/2021,Isle of Man,"11,339",,66 ,,"10,522",,751,1,"132,358",770,"133,676","1,560,378","85,669 ",Europe,8,"1,298",1,,,"8,766"
1/12/2021,Yemen,"10,004",,"1,950 ",,"6,887",,"1,167",23,325,63,"265,253","8,625","30,752,189 ",Asia,"3,074","15,770",116,,,38
1/12/2021,Gambia,"9,989",,342 ,,"9,638",,9,3,"3,976",136,"121,854","48,502","2,512,327 ",Africa,252,"7,346",21,,,4
1/12/2021,Eritrea,"7,358",,60 ,,"7,096",,202,,"2,035",17,"23,693","6,553","3,615,696 ",Africa,491,"60,262",153,,,56
1/12/2021,Gibraltar,"7,248",,98 ,,"6,698",,452,3,"215,221","2,910","415,755","12,345,369","33,677 ",Europe,5,344,0,,,"13,422"
1/12/2021,Cayman Islands,"7,074",,5 ,,"2,990",,"4,079",22,"105,879",75,"204,495","3,060,753","66,812 ",North America,9,"13,362",0,,,"61,052"
1/12/2021,Niger,"7,007",,259 ,,"6,613",,135,2,275,10,"188,729","7,419","25,440,031 ",Africa,"3,631","98,224",135,,,5
1/12/2021,Guinea-Bissau,"6,440",,148 ,,"6,271",,21,,"3,167",73,"107,064","52,648","2,033,572 ",Africa,316,"13,740",19,,,10
1/12/2021,Sierra Leone,"6,402",,121 ,,N/A,N/A,N/A,,780,15,"160,729","19,587","8,205,759 ",Africa,"1,282","67,816",51,,,230
1/12/2021,Dominica,"6,028",,38 ,,"5,615",,375,,"83,445",526,"109,026","1,509,240","72,239 ",North America,12,"1,901",1,,,"5,191"
1/12/2021,San Marino,"5,979",,93 ,,"5,610",,276,2,"175,688","2,733","90,716","2,665,609","34,032 ",Europe,6,366,0,,,"8,110"
1/12/2021,Grenada,"5,897",+3,200 ,,"5,624",,73,2,"52,067","1,766","87,509","772,645","113,259 ",North America,19,566,1,26,,645
1/12/2021,Liberia,"5,824",,287 ,,"5,523",,14,2,"1,115",55,"128,246","24,543","5,225,264 ",Africa,897,"18,206",41,,,3
1/12/2021,Bermuda,"5,748",,106 ,,"5,609",,33,2,"92,780","1,711","646,478","10,434,975","61,953 ",North America,11,584,0,,,533
1/12/2021,St. Vincent Grenadines,"5,525",,74 ,,"4,991",,460,7,"49,579",664,"90,554","812,595","111,438 ",North America,20,"1,506",1,,,"4,128"
1/12/2021,Chad,"5,105",,175 ,,"4,874",,56,,299,10,"148,082","8,665","17,089,911 ",Africa,"3,348","97,657",115,,,3
1/12/2021,Liechtenstein,"4,633",,61 ,,"4,206",,366,9,"121,020","1,593","77,368","2,020,949","38,283 ",Europe,8,628,0,,,"9,560"
1/12/2021,Sint Maarten,"4,588",,75 ,,"4,488",,25,10,"105,319","1,722","62,056","1,424,512","43,563 ",North America,9,581,1,,,574
1/12/2021,Comoros,"4,508",+7,150 ,,"4,298",+2,60,,"5,033",167,,,"895,722 ",Africa,199,"5,971",,8,,67
1/12/2021,Antigua and Barbuda,"4,141",,117 ,,"4,018",,6,11,"41,797","1,181","17,782","179,482","99,074 ",North America,24,847,6,,,61
1/12/2021,Saint Martin,"3,949",,56 ,,"1,399",,"2,494",7,"99,732","1,414","54,303","1,371,426","39,596 ",North America,10,707,1,,,"62,986"
1/12/2021,Monaco,"3,767",,36 ,,"3,585",,146,1,"95,042",908,"54,960","1,386,653","39,635 ",Europe,11,"1,101",1,,,"3,684"
1/12/2021,Sao Tome and Principe,"3,731",,56 ,,"3,675",,0,,"16,590",249,"14,689","65,313","224,900 ",Africa,60,"4,016",15,,,
1/12/2021,Faeroe Islands,"3,626",,13 ,,"3,153",,460,7,"73,812",265,"564,000","11,480,916","49,125 ",Europe,14,"3,779",0,,,"9,364"
1/12/2021,Turks and Caicos,"3,096",,24 ,,"3,021",,51,,"78,467",608,"94,789","2,402,398","39,456 ",North America,13,"1,644",0,,,"1,293"
1/12/2021,Caribbean Netherlands,"2,938",,22 ,,"2,660",,256,,"110,588",828,"30,126","1,133,963","26,567 ",North America,9,"1,208",1,,,"9,636"
1/12/2021,Saint Kitts and Nevis,"2,786",,28 ,,"2,738",,20,1,"51,852",521,"56,538","1,052,261","53,730 ",North America,19,"1,919",1,,,372
1/12/2021,British Virgin Islands,"2,765",,38 ,,N/A,N/A,N/A,7,"90,611","1,245","82,570","2,705,882","30,515 ",North America,11,803,0,,,"2,556"
1/12/2021,Bhutan,"2,640",,3 ,,"2,623",,14,,"3,369",4,"1,241,845","1,584,788","783,603 ",Asia,297,"261,201",1,,,18
1/12/2021,St. Barth,"1,601",,6 ,,N/A,N/A,N/A,,"161,391",605,"56,491","5,694,657","9,920 ",North America,6,"1,653",0,,,"114,214"
1/12/2021,Greenland,"1,456",, ,,"1,156",,300,2,"25,585",,"110,294","1,938,077","56,909 ",North America,39,,1,,,"5,272"
1/12/2021,Anguilla,"1,386",,3 ,,"1,273",,110,,"91,232",197,"51,382","3,382,175","15,192 ",North America,11,"5,064",0,,,"7,241"
1/12/2021,Diamond Princess,712,,13 ,,699,,0,,,,,, ,,,,,,,
1/12/2021,Wallis and Futuna,445,,7 ,,438,,0,,"40,598",639,"20,508","1,870,997","10,961 ",Australia/Oceania,25,"1,566",1,,,
1/12/2021,Falkland Islands,79,, ,,N/A,N/A,N/A,,"21,805",,"7,747","2,138,283","3,623 ",South America,46,,0,,,"3,036"
1/12/2021,Macao,77,, ,,77,,0,,116,,"5,019","7,584","661,828 ",Asia,"8,595",,132,,,
1/12/2021,Saint Pierre Miquelon,59,, ,,32,,27,,"10,254",,"11,864","2,061,870","5,754 ",North America,98,,0,,,"4,692"
1/12/2021,Montserrat,44,,1 ,,41,,2,,"8,807",200,"2,920","584,468","4,996 ",North America,114,"4,996",2,,,400
1/12/2021,Vatican City,27,, ,,27,,0,,"33,582",,,,804 ,Europe,30,,,,,
1/12/2021,Solomon Islands,20,, ,,20,,0,,28,,"4,500","6,332","710,627 ",Australia/Oceania,"35,531",,158,,,
1/12/2021,Western Sahara,10,,1 ,,8,,1,,16,2,,,"618,040 ",Africa,"61,804","618,040",,,,2
1/12/2021,MS Zaandam,9,,2 ,,7,,0,,,,,, ,,,,,,,
1/12/2021,Palau,8,, ,,8,,0,,439,,"11,133","611,166","18,216 ",Australia/Oceania,"2,277",,2,,,
1/12/2021,Vanuatu,6,,1 ,,3,,2,,19,3,"23,000","72,495","317,263 ",Australia/Oceania,"52,877","317,263",14,,,6
1/12/2021,Marshall Islands,4,, ,,4,,0,,67,,,,"59,754 ",Australia/Oceania,"14,939",,,,,
1/12/2021,Samoa,3,, ,,3,,0,,15,,,,"200,276 ",Australia/Oceania,"66,759",,,,,
1/12/2021,Saint Helena,2,, ,,2,,0,,328,,,,"6,103 ",Africa,"3,052",,,,,
1/12/2021,Micronesia,1,, ,,1,,0,,9,,,,"116,725 ",Australia/Oceania,"116,725",,,,,
1/12/2021,Tonga,1,, ,,1,,0,,9,,,,"107,386 ",Australia/Oceania,"107,386",,,,,
1/12/2021,China,"98,824",+113,"4,636 ",,"93,320",+35,868,8,69,3,"160,000,000","111,163","1,439,323,776 ",Asia,"14,565","310,467",9,0.08,,0.6
29/11/2021,China,"98,672",+41,"4,636 ",,"93,249",+39,787,8,69,3,"160,000,000","111,163","1,439,323,776 ",Asia,"14,587","310,467",9,0.03,,0.5
29/11/2021,USA,"49,322,037","+76,101","801,607 ",+505,"39,100,007","+89,256","9,420,423","12,689","147,784","2,402","752,654,229","2,255,183","333,744,223 ",North America,7,416,0,228,2,"28,226"
29/11/2021,India,"34,587,822","+6,990","468,980 ",+190,"34,008,183","+9,905","110,659","8,944","24,720",335,"640,291,325","457,625","1,399,161,383 ",Asia,40,"2,983",2,5,0.1,79
29/11/2021,Brazil,"22,084,749","+3,843","614,428 ",+114,"21,304,115","+10,801","166,206","8,318","102,866","2,862","63,776,166","297,057","214,693,373 ",South America,10,349,3,18,0.5,774
29/11/2021,UK,"10,189,056","+42,580","144,810 ",+35,"9,025,773","+40,719","1,018,473",925,"148,985","2,117","361,428,446","5,284,835","68,389,728 ",Europe,7,472,0,623,0.5,"14,892"
29/11/2021,Russia,"9,604,233","+33,860","273,964 ","+1,209","8,295,811","+27,700","1,034,458","2,300","65,772","1,876","224,500,000","1,537,430","146,022,882 ",Europe,15,533,1,232,8,"7,084"
29/11/2021,Turkey,"8,770,372","+24,317","76,635 ",+189,"8,301,883","+23,273","391,854","1,405","102,433",895,"107,321,500","1,253,458","85,620,347 ",Asia,10,"1,117",1,284,2,"4,577"
29/11/2021,France,"7,628,327","+8,279","119,016 ",+122,"7,113,263","+12,453","396,048","1,563","116,503","1,818","162,981,031","2,489,112","65,477,576 ",Europe,9,550,0,126,2,"6,049"
29/11/2021,Iran,"6,113,192","+4,310","129,711 ",+82,"5,873,441","+10,193","110,040","3,338","71,491","1,517","38,439,240","449,527","85,510,446 ",Asia,14,659,2,50,1.0,"1,287"
29/11/2021,Germany,"5,825,543","+42,582","101,652 ",+241,"4,852,800","+29,100","871,091","4,459","69,218","1,208","83,816,414","995,889","84,162,420 ",Europe,14,828,1,506,3,"10,350"
29/11/2021,Argentina,"5,328,416","+1,968","116,554 ",+25,"5,192,404","+1,350","19,458",614,"116,388","2,546","26,173,874","571,714","45,781,390 ",South America,9,393,2,43,0.5,425
29/11/2021,Spain,"5,153,923","+7,637","88,008 ",+17,"4,920,879","+2,195","145,036",673,"110,173","1,881","66,213,858","1,415,420","46,780,367 ",Europe,9,532,1,163,0.4,"3,100"
29/11/2021,Colombia,"5,067,348","+1,975","128,473 ",+36,"4,907,484","+2,053","31,391",342,"98,112","2,487","28,064,873","543,381","51,648,595 ",South America,10,402,2,38,0.7,608
29/11/2021,Italy,"5,015,783","+7,968","133,739 ",+65,"4,692,408","+4,707","189,636",669,"83,131","2,217","118,611,763","1,965,848","60,336,188 ",Europe,12,451,1,132,1,"3,143"
29/11/2021,Indonesia,"4,256,112",+176,"143,819 ",+11,"4,104,333",+419,"7,960",,"15,331",518,"54,160,249","195,097","277,607,186 ",Asia,65,"1,930",5,0.6,0.04,29
29/11/2021,Mexico,"3,883,842","+1,050","293,897 ",+38,"3,240,521","+1,963","349,424","4,798","29,683","2,246","11,834,145","90,444","130,845,299 ",North America,34,445,11,8,0.3,"2,671"
29/11/2021,Poland,"3,520,987","+13,141","83,057 ",+20,"3,022,771","+22,459","415,159","1,820","93,177","2,198","24,340,316","644,128","37,788,035 ",Europe,11,455,2,348,0.5,"10,987"
29/11/2021,Ukraine,"3,427,827","+5,804","85,414 ",+297,"2,920,714","+10,477","421,699",177,"79,051","1,970","15,832,613","365,123","43,362,378 ",Europe,13,508,3,134,7,"9,725"
29/11/2021,South Africa,"2,963,679","+2,273","89,822 ",+25,"2,849,439","+1,668","24,418",546,"49,097","1,488","19,434,381","321,952","60,364,210 ",Africa,20,672,3,38,0.4,405
29/11/2021,Philippines,"2,832,309",+599,"48,501 ",+141,"2,767,480",+888,"16,328","1,023","25,370",434,"24,146,328","216,288","111,639,683 ",Asia,39,"2,302",5,5,1,146
29/11/2021,Malaysia,"2,627,903","+4,087","30,370 ",+61,"2,532,036","+4,984","65,497",507,"79,751",922,"37,643,236","1,142,389","32,951,341 ",Asia,13,"1,085",1,124,2,"1,988"
29/11/2021,Netherlands,"2,621,022","+21,443","19,349 ",+32,"2,104,563","+7,897","497,110",575,"152,488","1,126","19,205,114","1,117,327","17,188,438 ",Europe,7,888,1,"1,248",2,"28,921"
29/11/2021,Peru,"2,234,970",+895,"201,144 ",+36,N/A,N/A,N/A,962,"66,477","5,983","20,273,392","603,014","33,620,094 ",South America,15,167,2,27,1,"9,315"
29/11/2021,Czechia,"2,132,503","+9,300","33,035 ",+112,"1,859,871",+155,"239,597",947,"198,612","3,077","43,539,197","4,055,042","10,737,051 ",Europe,5,325,0,866,10,"22,315"
29/11/2021,Thailand,"2,111,566","+4,753","20,732 ",+27,"2,013,021","+6,165","77,813","1,369","30,145",296,"16,196,007","231,215","70,047,428 ",Asia,33,"3,379",4,68,0.4,"1,111"
29/11/2021,Iraq,"2,080,448",+826,"23,807 ",+14,"2,043,666","+1,367","12,975",103,"50,137",574,"16,320,352","393,308","41,495,089 ",Asia,20,"1,743",3,20,0.3,313
29/11/2021,Canada,"1,790,142","+2,332","29,670 ",+27,"1,734,556","+4,008","25,916",480,"46,851",777,"48,740,327","1,275,609","38,209,443 ",North America,21,"1,288",1,61,0.7,678
29/11/2021,Romania,"1,778,045","+1,096","56,399 ",+92,"1,683,204","+3,262","38,442","1,203","93,305","2,960","15,990,674","839,128","19,056,290 ",Europe,11,338,1,58,5,"2,017"
29/11/2021,Chile,"1,761,365","+1,960","38,343 ",+30,"1,654,564","+2,111","68,458",680,"91,036","1,982","25,551,531","1,320,635","19,347,920 ",South America,11,505,1,101,2,"3,538"
29/11/2021,Belgium,"1,734,562","+15,567","26,922 ",+34,"1,325,755","+9,519","381,885",669,"148,751","2,309","24,287,332","2,082,805","11,660,874 ",Europe,7,433,0,"1,335",3,"32,749"
29/11/2021,Japan,"1,727,143",+73,"18,358 ",,"1,707,902",+144,883,43,"13,715",146,"27,821,836","220,932","125,929,267 ",Asia,73,"6,860",5,0.6,,7
29/11/2021,Bangladesh,"1,576,011",+227,"27,980 ",+2,"1,540,597",+280,"7,434","1,382","9,437",168,"10,868,949","65,081","167,006,043 ",Asia,106,"5,969",15,1,0.01,45
29/11/2021,Israel,"1,342,976",+766,"8,195 ",+6,"1,329,263","+2,217","5,518",117,"144,003",879,"31,188,024","3,344,202","9,326,000 ",Asia,7,"1,138",0,82,0.6,592
29/11/2021,Pakistan,"1,284,365",+176,"28,718 ",+9,"1,241,909",+148,"13,738",946,"5,659",127,"21,913,668","96,561","226,941,972 ",Asia,177,"7,902",10,0.8,0.04,61
29/11/2021,Serbia,"1,252,573","+2,180","11,637 ",+49,"1,189,492","+3,947","51,444",203,"144,179","1,339","6,797,349","782,417","8,687,629 ",Europe,7,747,1,251,6,"5,922"
29/11/2021,Vietnam,"1,224,110","+13,770","25,055 ",+173,"974,724","+16,088","224,331","6,413","12,418",254,"68,108,275","690,926","98,575,292 ",Asia,81,"3,934",1,140,2,"2,276"
29/11/2021,Sweden,"1,204,859","+1,344","15,119 ",,"1,158,200",+862,"31,540",41,"118,260","1,484","13,708,481","1,345,524","10,188,210 ",Europe,8,674,1,132,,"3,096"
29/11/2021,Austria,"1,151,809","+8,526","12,425 ",+37,"994,091","+11,799","145,293",619,"126,865","1,369","110,110,679","12,128,085","9,078,983 ",Europe,8,731,0,939,4,"16,003"
29/11/2021,Portugal,"1,144,342","+1,635","18,430  ",+13,"1,071,544",+971,"54,368",111,"112,691","1,815","21,165,845","2,084,342","10,154,691 ",Europe,9,551,0,161,1,"5,354"
29/11/2021,Hungary,"1,096,718","+27,830","34,326 ",+460,"877,251","+14,717","185,141",538,"113,937","3,566","8,423,435","875,100","9,625,685 ",Europe,9,280,1,"2,891",48,"19,234"
29/11/2021,Switzerland,"1,004,471","+3,897","11,528 ",+8,"860,263","+1,828","132,680",182,"114,875","1,318","12,351,333","1,412,548","8,744,009 ",Europe,9,759,1,446,0.9,"15,174"
29/11/2021,Kazakhstan,"970,887",+795,"12,678 ",+11,"934,813",+827,"23,396",528,"50,848",664,"11,575,012","606,220","19,093,759 ",Asia,20,"1,506",2,42,0.6,"1,225"
29/11/2021,Cuba,"962,350",+130,"8,300 ",,"953,130",+192,920,25,"85,037",733,"11,083,208","979,355","11,316,847 ",North America,12,"1,363",1,11,,81
29/11/2021,Morocco,"949,785",+53,"14,775 ",+1,"932,133",+148,"2,877",347,"25,309",394,"10,427,240","277,851","37,528,160 ",Africa,40,"2,540",4,1,0.03,77
29/11/2021,Jordan,"948,966","+5,661","11,584 ",+33,"883,980","+3,408","53,402","1,045","91,722","1,120","12,116,328","1,171,095","10,346,151 ",Asia,11,893,1,547,3,"5,162"
29/11/2021,Greece,"931,417","+6,911","18,067 ",+108,"835,882","+6,555","77,468",657,"89,982","1,745","35,721,156","3,450,955","10,351,094 ",Europe,11,573,0,668,10,"7,484"
29/11/2021,Georgia,"840,593","+1,954","11,974 ",+47,"783,987","+4,477","44,632",,"211,292","3,010","11,506,875","2,892,377","3,978,346 ",Asia,5,332,0,491,12,"11,219"
29/11/2021,Nepal,"821,121",+243,"11,524 ",+1,"802,653",+264,"6,944",,"27,484",386,"4,618,231","154,579","29,876,090 ",Asia,36,"2,593",6,8,0.03,232
29/11/2021,UAE,"741,976",+58,"2,146 ",,"736,862",+84,"2,968",,"73,762",213,"101,032,600","10,043,911","10,059,090 ",Asia,14,"4,687",0,6,,295
29/11/2021,Tunisia,"717,309",+51,"25,365 ",+2,"690,903",+112,"1,041",58,"59,810","2,115","3,170,783","264,381","11,993,220 ",Africa,17,473,4,4,0.2,87
29/11/2021,Bulgaria,"692,376","+3,020","28,325 ",+224,"558,928","+2,965","105,123",723,"100,716","4,120","6,549,700","952,752","6,874,506 ",Europe,10,243,1,439,33,"15,292"
29/11/2021,Slovakia,"673,015","+5,054","14,341  ",+67,"549,171","+3,299","109,503",549,"123,187","2,625","4,563,162","835,227","5,463,379 ",Europe,8,381,1,925,12,"20,043"
29/11/2021,Lebanon,"668,605",+518,"8,716 ",+7,"632,623","+1,329","27,266",186,"98,582","1,285","4,795,578","707,078","6,782,245 ",Asia,10,778,1,76,1,"4,020"
29/11/2021,Belarus,"653,323","+1,484","5,067 ",+13,"640,132","+1,288","8,124",,"69,172",536,"10,381,143","1,099,123","9,444,931 ",Europe,14,"1,864",1,157,1,860
29/11/2021,Guatemala,"617,621",+11,"15,933 ",+5,"600,146",+112,"1,542",5,"33,597",867,"3,111,321","169,249","18,383,054 ",North America,30,"1,154",6,0.6,0.3,84
29/11/2021,Croatia,"604,347","+1,031","10,826 ",+67,"563,630","+5,399","29,891",308,"148,507","2,660","3,437,227","844,635","4,069,482 ",Europe,7,376,1,253,16,"7,345"
29/11/2021,Azerbaijan,"586,640",+857,"7,833 ",+26,"552,815","+1,091","25,992",,"57,132",763,"5,526,664","538,230","10,268,225 ",Asia,18,"1,311",2,83,3,"2,531"
29/11/2021,Costa Rica,"566,791",+61,"7,296 ",+4,"546,938","+1,273","12,557",84,"109,847","1,414","2,715,029","526,188","5,159,803 ",North America,9,707,2,12,0.8,"2,434"
29/11/2021,Ireland,"564,657","+4,603","5,652 ",,"439,623","+2,977","119,382",115,"112,579","1,127","8,953,278","1,785,067","5,015,655 ",Europe,9,887,1,918,,"23,802"
29/11/2021,Sri Lanka,"563,267",+747,"14,328 ",+23,"529,662",,"19,277",,"26,150",665,"5,640,979","261,883","21,540,081 ",Asia,38,"1,503",4,35,1,895
29/11/2021,Saudi Arabia,"549,720",+25,"8,834 ",+1,"538,885",+29,"2,001",44,"15,451",248,"31,078,369","873,505","35,578,933 ",Asia,65,"4,027",1,0.7,0.03,56
29/11/2021,Bolivia,"536,472",+715,"19,161 ",+7,"491,946",+759,"25,365",220,"45,090","1,610","2,586,370","217,383","11,897,757 ",South America,22,621,5,60,0.6,"2,132"
29/11/2021,Ecuador,"526,870",+70,"33,250 ",+16,"443,880",,"49,740",759,"29,236","1,845","2,013,368","111,723","18,021,114 ",South America,34,542,9,4,0.9,"2,760"
29/11/2021,Myanmar,"521,931",+370,"19,097 ",+9,"496,660",+579,"6,174",,"9,503",348,"5,562,001","101,265","54,924,965 ",Asia,105,"2,876",10,7,0.2,112
29/11/2021,Denmark,"483,253","+4,326","2,883 ",+11,"403,118",,"77,252",60,"83,019",495,"93,454,969","16,054,747","5,821,018 ",Europe,12,"2,019",0,743,2,"13,271"
29/11/2021,Panama,"477,608",+94,"7,362 ",,"467,598",+139,"2,648",20,"108,286","1,669","4,232,560","959,631","4,410,610 ",North America,9,599,1,21,,600
29/11/2021,Lithuania,"468,597",+687,"6,722 ",+26,"432,406",+221,"29,469",121,"175,598","2,519","6,118,609","2,292,832","2,668,582 ",Europe,6,397,0,257,10,"11,043"
29/11/2021,Paraguay,"463,001",+45,"16,469 ",+6,"445,723",+66,809,43,"63,808","2,270","1,946,045","268,190","7,256,214 ",South America,16,441,4,6,0.8,111
29/11/2021,S. Korea,"444,200","+3,304","3,580 ",+32,"393,617","+1,306","47,003",629,"8,654",70,"15,804,065","307,882","51,331,529 ",Asia,116,"14,338",3,64,0.6,916
29/11/2021,Venezuela,"431,296",+600,"5,144 ",+6,"418,472",+641,"7,680",681,"15,228",182,"3,359,014","118,601","28,322,074 ",South America,66,"5,506",8,21,0.2,271
29/11/2021,Palestine,"430,083",+386,"4,531 ",+3,"422,661",+219,"2,891",42,"81,631",860,"2,720,854","516,428","5,268,600 ",Asia,12,"1,163",2,73,0.6,549
29/11/2021,Slovenia,"418,416","+1,040","5,208 ",+20,"374,784","+1,800","38,424",193,"201,225","2,505","1,930,036","928,196","2,079,342 ",Europe,5,399,1,500,10,"18,479"
29/11/2021,Kuwait,"413,327",+30,"2,465 ",,"410,610",+35,252,,"94,806",565,"5,310,741","1,218,144","4,359,700 ",Asia,11,"1,769",1,7,,58
29/11/2021,Dominican Republic,"407,113",+310,"4,204 ",,"399,463",+25,"3,446",196,"37,005",382,"2,453,480","223,013","11,001,505 ",North America,27,"2,617",4,28,,313
29/11/2021,Uruguay,"399,504",+156,"6,130 ",+1,"391,288",+205,"2,086",15,"114,447","1,756","4,098,744","1,174,177","3,490,737 ",South America,9,569,1,45,0.3,598
29/11/2021,Mongolia,"381,135",+190,"1,995 ",+5,"313,256",,"65,884",192,"113,677",595,"4,030,048","1,202,002","3,352,781 ",Asia,9,"1,681",1,57,1,"19,651"
29/11/2021,Honduras,"377,888",,"10,403 ",,"120,308",,"247,177",59,"37,315","1,027","1,121,382","110,733","10,126,888 ",North America,27,973,9,,,"24,408"
29/11/2021,Libya,"372,209",+638,"5,448 ",+10,"344,087","+2,364","22,674",,"53,149",778,"1,904,933","272,010","7,003,170 ",Africa,19,"1,285",4,91,1,"3,238"
29/11/2021,Ethiopia,"371,346",+84,"6,750 ",+10,"348,886",+87,"15,710",299,"3,121",57,"3,865,030","32,485","118,977,453 ",Africa,320,"17,626",31,0.7,0.08,132
29/11/2021,Moldova,"363,110",+677,"9,090 ",+21,"347,118",+489,"6,902",205,"90,310","2,261","2,196,983","546,416","4,020,713 ",Europe,11,442,2,168,5,"1,717"
29/11/2021,Egypt,"357,629",+911,"20,412 ",+65,"296,897",+730,"40,320",90,"3,404",194,"3,693,367","35,156","105,056,935 ",Africa,294,"5,147",28,9,0.6,384
29/11/2021,Armenia,"338,120",+189,"7,535 ",+21,"316,198","+1,072","14,387",,"113,804","2,536","2,360,218","794,401","2,971,068 ",Asia,9,394,1,64,7,"4,842"
29/11/2021,Oman,"304,550",+10,"4,113 ",,"299,951",,486,7,"57,574",778,"25,000,000","4,726,190","5,289,673 ",Asia,17,"1,286",0,2,,92
29/11/2021,Bahrain,"277,628",+43,"1,394 ",,"275,929",+19,305,2,"155,548",781,"7,384,537","4,137,362","1,784,842 ",Asia,6,"1,280",0,24,,171
29/11/2021,Bosnia and Herzegovina,"274,219","+1,421","12,555 ",+99,"192,218",,"69,446",,"84,324","3,861","1,393,545","428,523","3,251,974 ",Europe,12,259,2,437,30,"21,355"
29/11/2021,Norway,"263,798","+2,877","1,050 ",,"88,952",,"173,796",62,"48,129",192,"8,576,127","1,564,671","5,481,106 ",Europe,21,"5,220",1,525,,"31,708"
29/11/2021,Singapore,"263,486","+1,103",710 ,+9,"250,134","+1,811","12,642",62,"44,543",120,"21,098,774","3,566,802","5,915,319 ",Asia,22,"8,331",0,186,2,"2,137"
29/11/2021,Kenya,"254,979",+28,"5,334 ",+1,"248,308",+177,"1,337",20,"4,599",96,"2,827,102","50,993","55,441,352 ",Africa,217,"10,394",20,0.5,0.02,24
29/11/2021,Latvia,"252,728",+315,"4,155 ",+9,"236,997",+419,"11,576",168,"136,116","2,238","5,323,266","2,867,035","1,856,715 ",Europe,7,447,0,170,5,"6,235"
29/11/2021,Qatar,"243,290",+158,611 ,,"240,666",+139,"2,013",15,"86,648",218,"2,987,747","1,064,086","2,807,805 ",Asia,12,"4,595",1,56,,717
29/11/2021,Estonia,"221,860",+311,"1,798 ",+7,"201,315",+468,"18,747",38,"167,089","1,354","2,327,339","1,752,784","1,327,796 ",Europe,6,738,1,234,5,"14,119"
29/11/2021,North Macedonia,"215,125",+116,"7,569 ",+22,"199,460",+396,"8,096",,"103,264","3,633","1,468,996","705,145","2,083,253 ",Europe,10,275,1,56,11,"3,886"
29/11/2021,Nigeria,"214,113",+21,"2,976 ",,"207,292",+38,"3,845",11,"1,004",14,"3,479,682","16,310","213,341,137 ",Africa,996,"71,687",61,0.10,,18
29/11/2021,Algeria,"210,344",+192,"6,064 ",+6,"144,295",+135,"59,985",17,"4,678",135,"230,861","5,134","44,968,076 ",Africa,214,"7,416",195,4,0.1,"1,334"
29/11/2021,Zambia,"210,150",+7,"3,667 ",,"206,392",+6,91,8,"10,997",192,"2,716,971","142,180","19,109,375 ",Africa,91,"5,211",7,0.4,,5
29/11/2021,Australia,"209,142","+1,160","1,997 ",+3,"192,746","+1,024","14,399",75,"8,070",77,"47,748,241","1,842,312","25,917,562 ",Australia/Oceania,124,"12,978",1,45,0.1,556
29/11/2021,Albania,"199,750",+195,"3,092 ",+3,"189,227",+183,"7,431",23,"69,518","1,076","1,392,736","484,707","2,873,357 ",Europe,14,929,2,68,1,"2,586"
29/11/2021,Botswana,"195,068",+159,"2,418 ",+2,"192,048",+87,602,1,"80,654","1,000","1,869,359","772,912","2,418,592 ",Africa,12,"1,000",1,66,0.8,249
29/11/2021,Uzbekistan,"193,065",+234,"1,399 ",+2,"189,664",+216,"2,002",23,"5,653",41,"1,377,915","40,344","34,153,753 ",Asia,177,"24,413",25,7,0.06,59
29/11/2021,Finland,"185,622","+3,338","1,335 ",+26,"46,000",,"138,287",51,"33,428",240,"7,896,869","1,422,121","5,552,881 ",Europe,30,"4,159",1,601,5,"24,904"
29/11/2021,Kyrgyzstan,"183,285",+37,"2,743 ",+2,"178,112",+64,"2,430",131,"27,454",411,"1,830,395","274,173","6,676,068 ",Asia,36,"2,434",4,6,0.3,364
29/11/2021,Afghanistan,"157,261",+33,"7,308 ",,"140,530",+53,"9,423","1,124","3,915",182,"791,514","19,707","40,164,434 ",Asia,255,"5,496",51,0.8,,235
29/11/2021,Montenegro,"157,085",+212,"2,300 ",+15,"152,186",+335,"2,599",60,"250,064","3,661","904,728","1,440,241","628,178 ",Europe,4,273,1,337,24,"4,137"
29/11/2021,Mozambique,"151,528",+4,"1,941 ",+1,"149,492",+7,95,8,"4,664",60,"976,445","30,054","32,489,229 ",Africa,214,"16,738",33,0.1,0.03,3
29/11/2021,Zimbabwe,"134,226",+235,"4,706 ",+1,"128,703",+48,817,12,"8,849",310,"1,588,646","104,735","15,168,267 ",Africa,113,"3,223",10,15,0.07,54
29/11/2021,Cyprus,"133,860",+586,594 ,,"124,370",,"8,896",46,"109,742",487,"9,477,138","7,769,598","1,219,772 ",Asia,9,"2,053",0,480,,"7,293"
29/11/2021,Ghana,"130,920",,"1,209 ",,"129,042",,669,5,"4,093",38,"1,933,408","60,442","31,987,619 ",Africa,244,"26,458",17,,,21
29/11/2021,Namibia,"129,187",+7,"3,573 ",,"125,487",+4,127,2,"49,576","1,371","787,883","302,355","2,605,818 ",Africa,20,729,3,3,,49
29/11/2021,Uganda,"127,485",+34,"3,252 ",,"97,512",+65,"26,721",115,"2,668",68,"1,953,083","40,880","47,775,449 ",Africa,375,"14,691",24,0.7,,559
29/11/2021,Cambodia,"120,112",+25,"2,935 ",+4,"116,488",+22,689,,"7,047",172,"2,715,508","159,309","17,045,531 ",Asia,142,"5,808",6,1,0.2,40
29/11/2021,El Salvador,"119,803",,"3,774 ",+3,"102,982",,"13,047",336,"18,340",578,"1,440,742","220,552","6,532,435 ",North America,55,"1,731",5,,0.5,"1,997"
29/11/2021,Cameroon,"106,794",,"1,791 ",,"102,716",,"2,287",152,"3,887",65,"1,751,774","63,754","27,477,249 ",Africa,257,"15,342",16,,,83
29/11/2021,Rwanda,"100,344",+14,"1,342 ",,"45,521",,"53,481",1,"7,486",100,"3,471,879","259,003","13,404,774 ",Africa,134,"9,989",4,1,,"3,990"
29/11/2021,Maldives,"91,543",+79,250 ,+2,"89,547",+113,"1,746",23,"165,248",451,"1,747,617","3,154,686","553,975 ",Asia,6,"2,216",0,143,4,"3,152"
29/11/2021,Jamaica,"91,222",+53,"2,391 ",+3,"62,539",+95,"26,292",9,"30,617",803,"671,587","225,408","2,979,425 ",North America,33,"1,246",4,18,1,"8,825"
29/11/2021,Luxembourg,"89,010",+902,874 ,+8,"83,869",+611,"4,267",10,"139,003","1,365","3,685,146","5,754,920","640,347 ",Europe,7,733,0,"1,409",12,"6,664"
29/11/2021,Senegal,"73,987",+2,"1,885 ",,"72,088",+1,14,2,"4,261",109,"873,259","50,286","17,365,747 ",Africa,235,"9,213",20,0.1,,0.8
29/11/2021,Laos,"72,447",+929,166 ,+7,"7,339",,"64,942",,"9,758",22,"782,029","105,330","7,424,555 ",Asia,102,"44,726",9,125,0.9,"8,747"
29/11/2021,Trinidad and Tobago,"70,598",+462,"2,134 ",+19,"57,906",+362,"10,558",22,"50,216","1,518","444,476","316,153","1,405,890 ",North America,20,659,3,329,14,"7,510"
29/11/2021,Angola,"65,155",+11,"1,733 ",,"63,206",+9,216,3,"1,899",51,"1,179,270","34,375","34,306,210 ",Africa,527,"19,796",29,0.3,,6
29/11/2021,Malawi,"61,901",+4,"2,305 ",,"58,795",+30,801,67,"3,122",116,"441,082","22,247","19,826,625 ",Africa,320,"8,602",45,0.2,,40
29/11/2021,Ivory Coast,"61,712",+4,704 ,,"60,721",+19,287,,"2,261",26,"1,131,105","41,434","27,298,982 ",Africa,442,"38,777",24,0.1,,11
29/11/2021,Réunion,"59,048",,381 ,,"56,040",,"2,627",18,"65,294",421,"1,347,378","1,489,909","904,336 ",Africa,15,"2,374",1,,,"2,905"
29/11/2021,DRC,"58,234",+119,"1,107 ",+3,"50,930",,"6,197",,624,12,"306,299","3,280","93,396,693 ",Africa,"1,604","84,369",305,1,0.03,66
29/11/2021,Guadeloupe,"55,147",,746 ,,"2,250",,"52,151",23,"137,791","1,864","551,264","1,377,399","400,221 ",North America,7,536,1,,,"130,306"
29/11/2021,Fiji,"52,506",,696 ,,"51,037",+24,773,,"57,978",769,"460,369","508,347","905,619 ",Australia/Oceania,17,"1,301",2,,,854
29/11/2021,Suriname,"50,760",+19,"1,166 ",+2,"29,569",+2,"20,025",10,"85,447","1,963","158,615","267,004","594,054 ",South America,12,509,4,32,3,"33,709"
29/11/2021,Syria,"48,068",+103,"2,744 ",+5,"29,078",+97,"16,246",,"2,656",152,"103,566","5,722","18,099,930 ",Asia,377,"6,596",175,6,0.3,898
29/11/2021,Eswatini,"46,582",+44,"1,248 ",,"45,241",,93,10,"39,573","1,060","388,043","329,653","1,177,124 ",Africa,25,943,3,37,,79
29/11/2021,French Guiana,"45,939",+75,327 ,+1,"11,254",,"34,358",9,"148,385","1,056","450,336","1,454,607","309,593 ",South America,7,947,1,242,3,"110,978"
29/11/2021,French Polynesia,"45,609",,636 ,,N/A,N/A,N/A,7,"161,048","2,246",,,"283,202 ",Australia/Oceania,6,445,,,,"40,512"
29/11/2021,Martinique,"44,972",,709 ,,104,,"44,159",1,"119,972","1,891","416,247","1,110,424","374,854 ",North America,8,529,1,,,"117,803"
29/11/2021,Madagascar,"44,330",+258,967 ,,"42,915",+148,448,3,"1,545",34,"283,728","9,888","28,694,316 ",Africa,647,"29,674",101,9,,16
29/11/2021,Sudan,"42,826",+770,"3,141 ",+27,"32,905",,"6,780",,946,69,"238,579","5,268","45,292,601 ",Africa,"1,058","14,420",190,17,0.6,150
29/11/2021,Malta,"39,329",+95,468 ,,"37,332",+39,"1,529",2,"88,738","1,056","1,211,456","2,733,405","443,204 ",Europe,11,947,0,214,,"3,450"
29/11/2021,Mauritania,"39,213",+35,831 ,,"37,468",+88,914,14,"8,132",172,"502,267","104,164","4,821,895 ",Africa,123,"5,803",10,7,,190
29/11/2021,Cabo Verde,"38,367",+5,349 ,,"37,949",+3,69,23,"67,965",618,"211,166","374,068","564,513 ",Africa,15,"1,618",3,9,,122
29/11/2021,Guyana,"37,825",+52,992 ,+5,"35,379",+114,"1,454",17,"47,764","1,253","389,843","492,280","791,913 ",South America,21,798,2,66,6,"1,836"
29/11/2021,Gabon,"37,342",+44,279 ,,"32,296",+277,"4,767",10,"16,237",121,"1,399,453","608,518","2,299,771 ",Africa,62,"8,243",2,19,,"2,073"
29/11/2021,Papua New Guinea,"35,090",+61,545 ,,"33,884",+56,661,7,"3,820",59,"249,149","27,122","9,186,083 ",Australia/Oceania,262,"16,855",37,7,,72
29/11/2021,Guinea,"30,770",+2,387 ,,"29,725",,658,49,"2,257",28,"569,940","41,801","13,634,756 ",Africa,443,"35,232",24,0.1,,48
29/11/2021,Belize,"30,338",+173,574 ,+4,"28,646",+225,"1,118",10,"74,392","1,408","347,892","853,072","407,811 ",North America,13,710,1,424,10,"2,741"
29/11/2021,Tanzania,"26,261",,730 ,,N/A,N/A,N/A,7,423,12,,,"62,131,352 ",Africa,"2,366","85,111",,,,408
29/11/2021,Togo,"26,250",+9,243 ,,"25,907",+7,100,,"3,069",28,"578,042","67,589","8,552,259 ",Africa,326,"35,194",15,1,,12
29/11/2021,Haiti,"25,175",+148,738 ,+15,"21,262",+289,"3,175",,"2,170",64,"132,422","11,417","11,598,748 ",North America,461,"15,716",88,13,1,274
29/11/2021,Barbados,"25,152",+114,228 ,+3,"21,727",+609,"3,197",,"87,372",792,"435,366","1,512,360","287,872 ",North America,11,"1,263",1,396,10,"11,106"
29/11/2021,Benin,"24,850",,161 ,,"24,546",,143,5,"1,977",13,"604,310","48,073","12,570,703 ",Africa,506,"78,079",21,,,11
29/11/2021,Seychelles,"23,197",,125 ,,"22,590",,482,,"233,824","1,260",,,"99,207 ",Africa,4,794,,,,"4,859"
29/11/2021,Somalia,"23,016",,"1,327 ",,"12,046",,"9,643",,"1,393",80,"262,138","15,870","16,517,979 ",Africa,718,"12,448",63,,,584
29/11/2021,Bahamas,"22,763",+29,671 ,,"21,607",+3,485,4,"57,115","1,684","168,197","422,022","398,550 ",North America,18,594,2,73,,"1,217"
29/11/2021,Lesotho,"21,779",,662 ,,"13,689",,"7,428",,"10,054",306,"259,044","119,583","2,166,232 ",Africa,99,"3,272",8,,,"3,429"
29/11/2021,Mauritius,"21,386",+61,455 ,,"19,543",+118,"1,388",,"16,777",357,"358,675","281,369","1,274,750 ",Africa,60,"2,802",4,48,,"1,089"
29/11/2021,Mayotte,"20,960",+22,185 ,,"2,964",,"17,811",,"74,301",656,"176,919","627,163","282,094 ",Africa,13,"1,525",2,78,,"63,139"
29/11/2021,Burundi,"20,396",,38 ,,773,,"19,585",,"1,646",3,"345,742","27,906","12,389,652 ",Africa,607,"326,043",36,,,"1,581"
29/11/2021,Timor-Leste,"19,822",,122 ,,"19,697",,3,,"14,641",90,"169,501","125,198","1,353,865 ",Asia,68,"11,097",8,,,2
29/11/2021,Congo,"18,905",+68,354 ,+5,"12,421",,"6,130",,"3,311",62,"188,207","32,964","5,709,536 ",Africa,302,"16,129",30,12,0.9,"1,074"
29/11/2021,Channel Islands,"17,884",+558,103 ,,"15,713",+578,"2,068",,"101,541",585,"1,077,013","6,115,014","176,126 ",Europe,10,"1,710",0,"3,168",,"11,742"
29/11/2021,Iceland,"17,770",+69,35 ,,"16,143",+478,"1,592",2,"51,601",102,"1,244,621","3,614,186","344,371 ",Europe,19,"9,839",0,200,,"4,623"
29/11/2021,Curaçao,"17,401",+4,178 ,,"17,119",+13,104,3,"105,434","1,079","336,234","2,037,276","165,041 ",North America,9,927,0,24,,630
29/11/2021,Mali,"17,364",+25,606 ,+1,"15,135",+7,"1,623",,824,29,"488,181","23,167","21,072,584 ",Africa,"1,214","34,773",43,1,0.05,77
29/11/2021,Nicaragua,"17,152",,209 ,,"4,225",,"12,718",,"2,546",31,,,"6,735,816 ",North America,393,"32,229",,,,"1,888"
29/11/2021,Andorra,"17,115",+403,131 ,,"15,903",+133,"1,081",4,"221,010","1,692","193,595","2,499,935","77,440 ",Europe,5,591,0,"5,204",,"13,959"
29/11/2021,Tajikistan,"17,095",,124 ,,"16,966",,5,,"1,737",13,,,"9,839,683 ",Asia,576,"79,352",,,,0.5
29/11/2021,Taiwan,"16,596",+8,848 ,,"15,603",+6,145,,695,36,"8,350,058","349,701","23,877,680 ",Asia,"1,439","28,158",3,0.3,,6
29/11/2021,Aruba,"16,335",+11,174 ,,"15,986",+8,175,11,"152,086","1,620","177,885","1,656,192","107,406 ",North America,7,617,1,102,,"1,629"
29/11/2021,Burkina Faso,"15,711",,281 ,,"15,211",,219,,724,13,"230,176","10,602","21,710,933 ",Africa,"1,382","77,263",94,,,10
29/11/2021,Brunei ,"15,058",+22,97 ,,"14,451",+39,510,,"33,961",219,"614,805","1,386,588","443,394 ",Asia,29,"4,571",1,50,,"1,150"
29/11/2021,Equatorial Guinea,"13,579",,173 ,,"13,323",,83,1,"9,251",118,"242,340","165,094","1,467,891 ",Africa,108,"8,485",6,,,57
29/11/2021,Djibouti,"13,504",,186 ,,"13,293",+2,25,,"13,393",184,"246,424","244,401","1,008,276 ",Africa,75,"5,421",4,,,25
29/11/2021,Saint Lucia,"12,989",+19,280 ,,"12,592",+30,117,7,"70,282","1,515","100,038","541,293","184,813 ",North America,14,660,2,103,,633
29/11/2021,South Sudan,"12,755",+38,133 ,,"12,463",+68,159,2,"1,121",12,"267,096","23,473","11,378,990 ",Africa,892,"85,556",43,3,,14
29/11/2021,Hong Kong,"12,431",+3,213 ,,"12,133",,85,,"1,639",28,"28,195,188","3,718,272","7,582,874 ",Asia,610,"35,600",0,0.4,,11
29/11/2021,New Caledonia,"12,139",+34,276 ,,"11,551",+33,312,14,"41,949",954,"42,756","147,754","289,373 ",Australia/Oceania,24,"1,048",7,117,,"1,078"
29/11/2021,CAR,"11,708",,101 ,,"6,859",,"4,748",2,"2,366",20,"60,228","12,172","4,948,236 ",Africa,423,"48,992",82,,,960
29/11/2021,New Zealand,"11,444",+184,43 ,,"5,645",+10,"5,756",64,"2,288",9,"4,889,939","977,577","5,002,100 ",Australia/Oceania,437,"116,328",1,37,,"1,151"
29/11/2021,Isle of Man,"11,230",+78,66 ,,"10,522",+56,642,1,"131,086",770,"133,676","1,560,378","85,669 ",Europe,8,"1,298",1,910,,"7,494"
29/11/2021,Yemen,"9,995",+8,"1,949 ",+3,"6,873",+28,"1,173",23,325,63,"265,253","8,625","30,752,189 ",Asia,"3,077","15,778",116,0.3,0.10,38
29/11/2021,Gambia,"9,989",,342 ,,"9,638",,9,3,"3,976",136,"121,854","48,502","2,512,327 ",Africa,252,"7,346",21,,,4
29/11/2021,Eritrea,"7,341",+23,60 ,,"7,084",,197,,"2,030",17,"23,693","6,553","3,615,696 ",Africa,493,"60,262",153,6,,54
29/11/2021,Gibraltar,"7,205",+25,98 ,,"6,693",+61,414,3,"213,944","2,910","414,498","12,308,044","33,677 ",Europe,5,344,0,742,,"12,293"
29/11/2021,Niger,"6,989",+15,258 ,+4,"6,581",+40,150,2,275,10,"187,832","7,383","25,440,031 ",Africa,"3,640","98,605",135,0.6,0.2,6
29/11/2021,Cayman Islands,"6,738",,4 ,,"2,550",,"4,184",25,"100,850",60,"202,426","3,029,785","66,812 ",North America,10,"16,703",0,,,"62,623"
29/11/2021,Guinea-Bissau,"6,440",,148 ,,"6,268",,24,,"3,167",73,"106,886","52,561","2,033,572 ",Africa,316,"13,740",19,,,12
29/11/2021,Sierra Leone,"6,402",+1,121 ,,N/A,N/A,N/A,,780,15,"160,729","19,587","8,205,759 ",Africa,"1,282","67,816",51,0.1,,230
29/11/2021,San Marino,"5,979",+189,93 ,,"5,610",+91,276,2,"175,688","2,733","90,716","2,665,609","34,032 ",Europe,6,366,0,"5,554",,"8,110"
29/11/2021,Dominica,"5,955",,38 ,,"5,475",,442,,"82,435",526,"108,009","1,495,162","72,239 ",North America,12,"1,901",1,,,"6,119"
29/11/2021,Grenada,"5,888",,200 ,,"5,624",+2,64,,"51,987","1,766","87,070","768,769","113,259 ",North America,19,566,1,,,565
29/11/2021,Liberia,"5,823",+2,287 ,,"5,523",,13,2,"1,114",55,"128,246","24,543","5,225,264 ",Africa,897,"18,206",41,0.4,,2
29/11/2021,Bermuda,"5,748",+18,106 ,,"5,609",+6,33,2,"92,780","1,711","646,478","10,434,975","61,953 ",North America,11,584,0,291,,533
29/11/2021,St. Vincent Grenadines,"5,525",+25,74 ,,"4,991",,460,7,"49,579",664,"90,554","812,595","111,438 ",North America,20,"1,506",1,224,,"4,128"
29/11/2021,Chad,"5,105",,175 ,,"4,874",,56,,299,10,"148,082","8,665","17,089,911 ",Africa,"3,348","97,657",115,,,3
29/11/2021,Sint Maarten,"4,584",+9,75 ,,"4,485",+5,24,10,"105,227","1,722","62,056","1,424,512","43,563 ",North America,10,581,1,207,,551
29/11/2021,Liechtenstein,"4,562",+55,61 ,,"4,139",+181,362,8,"119,165","1,593","77,368","2,020,949","38,283 ",Europe,8,628,0,"1,437",,"9,456"
29/11/2021,Comoros,"4,498",,150 ,,"4,284",,64,,"5,022",167,,,"895,722 ",Africa,199,"5,971",,,,71
29/11/2021,Antigua and Barbuda,"4,141",,117 ,,"4,008",,16,11,"41,797","1,181","17,782","179,482","99,074 ",North America,24,847,6,,,161
29/11/2021,Saint Martin,"3,949",,56 ,,"1,399",,"2,494",7,"99,732","1,414","54,303","1,371,426","39,596 ",North America,10,707,1,,,"62,986"
29/11/2021,Monaco,"3,738",+10,36 ,,"3,560",+37,142,1,"94,311",908,"54,960","1,386,653","39,635 ",Europe,11,"1,101",1,252,,"3,583"
29/11/2021,Sao Tome and Principe,"3,731",,56 ,,"3,675",,0,,"16,590",249,"14,689","65,313","224,900 ",Africa,60,"4,016",15,,,
29/11/2021,Faeroe Islands,"3,553",+48,13 ,,"3,110",+33,430,7,"72,326",265,"562,000","11,440,204","49,125 ",Europe,14,"3,779",0,977,,"8,753"
29/11/2021,Turks and Caicos,"3,096",,24 ,,"3,021",,51,,"78,467",608,"94,789","2,402,398","39,456 ",North America,13,"1,644",0,,,"1,293"
29/11/2021,Caribbean Netherlands,"2,905",+16,22 ,,"2,639",+7,244,,"109,346",828,"30,126","1,133,963","26,567 ",North America,9,"1,208",1,602,,"9,184"
29/11/2021,Saint Kitts and Nevis,"2,782",,28 ,,"2,732",+4,22,1,"51,777",521,"56,538","1,052,261","53,730 ",North America,19,"1,919",1,,,409
29/11/2021,British Virgin Islands,"2,765",,38 ,,N/A,N/A,N/A,7,"90,611","1,245","82,570","2,705,882","30,515 ",North America,11,803,0,,,"2,556"
29/11/2021,Bhutan,"2,640",,3 ,,"2,620",,17,,"3,369",4,"1,240,776","1,583,424","783,603 ",Asia,297,"261,201",1,,,22
29/11/2021,St. Barth,"1,601",,6 ,,N/A,N/A,N/A,,"161,391",605,"56,491","5,694,657","9,920 ",North America,6,"1,653",0,,,"114,214"
29/11/2021,Greenland,"1,456",+124, ,,"1,156",+145,300,2,"25,585",,"110,294","1,938,077","56,909 ",North America,39,,1,"2,179",,"5,272"
29/11/2021,Anguilla,"1,386",+52,3 ,,"1,273",+66,110,,"91,232",197,"51,382","3,382,175","15,192 ",North America,11,"5,064",0,"3,423",,"7,241"
29/11/2021,Diamond Princess,712,,13 ,,699,,0,,,,,, ,,,,,,,
29/11/2021,Wallis and Futuna,445,,7 ,,438,,0,,"40,598",639,"20,508","1,870,997","10,961 ",Australia/Oceania,25,"1,566",1,,,
29/11/2021,Falkland Islands,79,, ,,N/A,N/A,N/A,,"21,805",,"7,747","2,138,283","3,623 ",South America,46,,0,,,"3,036"
29/11/2021,Macao,77,, ,,77,,0,,116,,"5,019","7,584","661,828 ",Asia,"8,595",,132,,,
29/11/2021,Saint Pierre Miquelon,59,, ,,32,,27,,"10,254",,"11,864","2,061,870","5,754 ",North America,98,,0,,,"4,692"
29/11/2021,Montserrat,44,,1 ,,41,,2,,"8,807",200,"2,920","584,468","4,996 ",North America,114,"4,996",2,,,400
29/11/2021,Vatican City,27,, ,,27,,0,,"33,582",,,,804 ,Europe,30,,,,,
29/11/2021,Solomon Islands,20,, ,,20,,0,,28,,"4,500","6,332","710,627 ",Australia/Oceania,"35,531",,158,,,
29/11/2021,Western Sahara,10,,1 ,,8,,1,,16,2,,,"618,040 ",Africa,"61,804","618,040",,,,2
29/11/2021,MS Zaandam,9,,2 ,,7,,0,,,,,, ,,,,,,,
29/11/2021,Palau,8,, ,,8,,0,,439,,"11,133","611,166","18,216 ",Australia/Oceania,"2,277",,2,,,
29/11/2021,Vanuatu,6,,1 ,,3,,2,,19,3,"23,000","72,495","317,263 ",Australia/Oceania,"52,877","317,263",14,,,6
29/11/2021,Marshall Islands,4,, ,,4,,0,,67,,,,"59,754 ",Australia/Oceania,"14,939",,,,,
29/11/2021,Samoa,3,, ,,3,,0,,15,,,,"200,276 ",Australia/Oceania,"66,759",,,,,
29/11/2021,Saint Helena,2,, ,,2,,0,,328,,,,"6,103 ",Africa,"3,052",,,,,
29/11/2021,Micronesia,1,, ,,1,,0,,9,,,,"116,725 ",Australia/Oceania,"116,725",,,,,
29/11/2021,Tonga,1,, ,,1,,0,,9,,,,"107,386 ",Australia/Oceania,"107,386",,,,,
30/11/2021,China,"98,711",+39,"4,636 ",,"93,285",+36,790,7,69,3,"160,000,000","111,163","1,439,323,776 ",Asia,"14,581","310,467",9,0.03,,0.5
30/11/2021,USA,"49,428,913","+106,876","803,045 ","+1,438","39,205,902","+105,895","9,419,966","13,201","148,104","2,406","753,993,369","2,259,195","333,744,223 ",North America,7,416,0,320,4,"28,225"
30/11/2021,India,"34,596,776","+8,954","469,247 ",+267,"34,018,299","+10,116","109,230","8,944","24,727",335,"641,303,848","458,349","1,399,161,383 ",Asia,40,"2,982",2,6,0.2,78
30/11/2021,Brazil,"22,094,459","+9,710","614,754 ",+326,"21,321,631","+17,516","158,074","8,318","102,912","2,863","63,776,166","297,057","214,693,373 ",South America,10,349,3,45,2,736
30/11/2021,UK,"10,228,772","+39,716","144,969 ",+159,"9,062,561","+36,788","1,021,242",916,"149,566","2,120","362,531,048","5,300,958","68,389,728 ",Europe,7,472,0,581,2,"14,933"
30/11/2021,Russia,"9,636,881","+32,648","275,193 ","+1,229","8,329,253","+33,442","1,032,435","2,300","65,996","1,885","224,900,000","1,540,170","146,022,882 ",Europe,15,531,1,224,8,"7,070"
30/11/2021,Turkey,"8,795,588","+25,216","76,842 ",+207,"8,326,381","+24,498","392,365","1,405","102,728",897,"107,680,920","1,257,656","85,620,347 ",Asia,10,"1,114",1,295,2,"4,583"
30/11/2021,France,"7,675,504","+47,177","119,131 ",+115,"7,125,024","+11,761","431,349","1,824","117,223","1,819","162,981,031","2,489,112","65,477,576 ",Europe,9,550,0,721,2,"6,588"
30/11/2021,Iran,"6,117,445","+4,253","129,830 ",+119,"5,883,470","+10,029","104,145","3,334","71,540","1,518","38,439,240","449,527","85,510,446 ",Asia,14,659,2,50,1,"1,218"
30/11/2021,Germany,"5,881,423","+55,880","102,137 ",+485,"4,893,300","+40,500","885,986","4,459","69,882","1,214","83,816,414","995,889","84,162,420 ",Europe,14,824,1,664,6,"10,527"
30/11/2021,Argentina,"5,330,748","+2,332","116,589 ",+35,"5,193,691","+1,287","20,468",617,"116,439","2,547","26,222,843","572,784","45,781,390 ",South America,9,393,2,51,0.8,447
30/11/2021,Spain,"5,164,184","+10,261","88,052 ",+44,"4,923,140","+2,261","152,992",713,"110,392","1,882","66,213,858","1,415,420","46,780,367 ",Europe,9,531,1,219,0.9,"3,270"
30/11/2021,Colombia,"5,069,644","+2,296","128,528 ",+55,"4,909,572","+2,088","31,544",342,"98,156","2,489","28,112,712","544,307","51,648,595 ",South America,10,402,2,44,1,611
30/11/2021,Italy,"5,028,547","+12,764","133,828 ",+89,"4,700,449","+8,041","194,270",683,"83,342","2,218","119,331,735","1,977,780","60,336,188 ",Europe,12,451,1,212,1,"3,220"
30/11/2021,Indonesia,"4,256,409",+297,"143,830 ",+11,"4,104,657",+324,"7,922",,"15,332",518,"54,475,477","196,232","277,607,186 ",Asia,65,"1,930",5,1,0.04,29
30/11/2021,Mexico,"3,884,566",+724,"293,950 ",+53,"3,242,947","+2,426","347,669","4,798","29,688","2,247","11,838,624","90,478","130,845,299 ",North America,34,445,11,6,0.4,"2,657"
30/11/2021,Poland,"3,540,061","+19,074","83,583 ",+526,"3,038,451","+15,680","418,027","1,825","93,682","2,212","24,340,316","644,128","37,788,035 ",Europe,11,452,2,505,14,"11,062"
30/11/2021,Ukraine,"3,438,381","+10,554","85,975 ",+561,"2,946,032","+25,318","406,374",177,"79,294","1,983","15,869,089","365,964","43,362,378 ",Europe,13,504,3,243,13,"9,372"
30/11/2021,South Africa,"2,968,052","+4,373","89,843 ",+21,"2,849,558",+119,"28,651",546,"49,169","1,488","19,477,054","322,659","60,364,210 ",Africa,20,672,3,72,0.3,475
30/11/2021,Philippines,"2,832,734",+425,"48,545 ",+44,"2,768,389",+909,"15,800","1,023","25,374",435,"24,238,501","217,114","111,639,683 ",Asia,39,"2,300",5,4,0.4,142
30/11/2021,Netherlands,"2,643,176","+22,154","19,414 ",+65,"2,112,703","+8,140","511,059",604,"153,776","1,129","19,205,114","1,117,327","17,188,438 ",Europe,7,885,1,"1,289",4,"29,733"
30/11/2021,Malaysia,"2,632,782","+4,879","30,425 ",+55,"2,537,204","+5,168","65,153",509,"79,899",923,"37,735,175","1,145,179","32,951,341 ",Asia,13,"1,083",1,148,2,"1,977"
30/11/2021,Peru,"2,236,351","+1,381","201,176  ",+32,N/A,N/A,N/A,971,"66,518","5,984","20,314,089","604,225","33,620,094 ",South America,15,167,2,41,1.0,"9,355"
30/11/2021,Czechia,"2,150,111","+17,608","33,132 ",+97,"1,860,460",+589,"256,519","1,022","200,252","3,086","43,666,605","4,066,909","10,737,051 ",Europe,5,324,0,"1,640",9,"23,891"
30/11/2021,Thailand,"2,115,872","+4,306","20,769 ",+37,"2,019,428","+6,407","75,675","1,369","30,206",296,"14,913,135","212,901","70,047,428 ",Asia,33,"3,373",5,61,0.5,"1,080"
30/11/2021,Iraq,"2,081,172",+724,"23,820 ",+13,"2,045,021","+1,355","12,331",103,"50,155",574,"16,341,046","393,807","41,495,089 ",Asia,20,"1,742",3,17,0.3,297
30/11/2021,Canada,"1,792,500","+2,358","29,687 ",+17,"1,737,256","+2,700","25,557",497,"46,912",777,"48,807,147","1,277,358","38,209,443 ",North America,21,"1,287",1,62,0.4,669
30/11/2021,Romania,"1,779,667","+1,622","56,529 ",+130,"1,686,752","+3,548","36,386","1,146","93,390","2,966","16,019,397","840,636","19,056,290 ",Europe,11,337,1,85,7,"1,909"
30/11/2021,Chile,"1,762,751","+1,386","38,346 ",+3,"1,656,705","+2,141","67,700",696,"91,108","1,982","25,592,070","1,322,730","19,347,920 ",South America,11,505,1,72,0.2,"3,499"
30/11/2021,Belgium,"1,749,469","+14,907","26,966 ",+44,"1,333,810","+8,055","388,693",722,"150,029","2,313","24,619,234","2,111,268","11,660,874 ",Europe,7,432,0,"1,278",4,"33,333"
30/11/2021,Japan,"1,727,221",+78,"18,359 ",+1,"1,708,006",+104,856,41,"13,716",146,"27,874,331","221,349","125,929,267 ",Asia,73,"6,859",5,0.6,0.01,7
30/11/2021,Bangladesh,"1,576,284",+273,"27,981 ",+1,"1,540,965",+368,"7,338","1,382","9,438",168,"10,888,751","65,200","167,006,043 ",Asia,106,"5,969",15,2,0.01,44
30/11/2021,Israel,"1,343,660",+684,"8,196 ",+1,"1,329,800",+537,"5,664",115,"144,077",879,"31,188,024","3,344,202","9,326,000 ",Asia,7,"1,138",0,73,0.1,607
30/11/2021,Pakistan,"1,284,840",+475,"28,728 ",+10,"1,242,236",+327,"13,876",905,"5,662",127,"21,985,775","96,878","226,941,972 ",Asia,177,"7,900",10,2,0.04,61
30/11/2021,Serbia,"1,254,845","+2,272","11,691 ",+54,"1,193,265","+3,773","49,889",199,"144,440","1,346","6,814,207","784,358","8,687,629 ",Europe,7,743,1,262,6,"5,743"
30/11/2021,Vietnam,"1,238,082","+13,972","25,252 ",+197,"989,348","+14,624","223,482","5,788","12,560",256,"68,317,914","693,053","98,575,292 ",Asia,80,"3,904",1,142,2,"2,267"
30/11/2021,Sweden,"1,204,859",,"15,119 ",,"1,158,493",+293,"31,247",42,"118,260","1,484","13,708,481","1,345,524","10,188,210 ",Europe,8,674,1,,,"3,067"
30/11/2021,Austria,"1,159,995","+8,186","12,492 ",+67,"1,007,909","+13,818","139,594",642,"127,767","1,376","110,579,782","12,179,754","9,078,983 ",Europe,8,727,0,902,7,"15,376"
30/11/2021,Portugal,"1,147,249","+2,907","18,441 ",+11,"1,075,237","+3,693","53,571",116,"112,977","1,816","21,283,107","2,095,889","10,154,691 ",Europe,9,551,0,286,1,"5,275"
30/11/2021,Hungary,"1,103,108","+6,390","34,521 ",+195,"882,659","+5,408","185,928",513,"114,600","3,586","8,443,744","877,210","9,625,685 ",Europe,9,279,1,664,20,"19,316"
30/11/2021,Switzerland,"1,009,900","+5,429","11,541 ",+13,"861,500","+1,237","136,859",203,"115,496","1,320","12,403,612","1,418,527","8,744,009 ",Europe,9,758,1,621,1,"15,652"
30/11/2021,Kazakhstan,"971,541",+654,"12,696 ",+18,"935,950","+1,137","22,895",528,"50,883",665,"11,575,012","606,220","19,093,759 ",Asia,20,"1,504",2,34,0.9,"1,199"
30/11/2021,Cuba,"962,486",+136,"8,304 ",+4,"953,337",+207,845,23,"85,049",734,"11,097,946","980,657","11,316,847 ",North America,12,"1,363",1,12,0.4,75
30/11/2021,Jordan,"953,943","+4,977","11,608 ",+24,"887,074","+3,094","55,261","1,064","92,203","1,122","12,169,073","1,176,193","10,346,151 ",Asia,11,891,1,481,2,"5,341"
30/11/2021,Morocco,"949,917",+132,"14,776 ",+1,"932,291",+158,"2,850",347,"25,312",394,"10,444,492","278,311","37,528,160 ",Africa,40,"2,540",4,4,0.03,76
30/11/2021,Greece,"938,903","+7,486","18,157 ",+90,"843,050","+7,168","77,696",664,"90,706","1,754","36,357,597","3,512,440","10,351,094 ",Europe,11,570,0,723,9,"7,506"
30/11/2021,Georgia,"845,643","+5,050","12,054 ",+80,"788,201","+4,214","45,388",,"212,561","3,030","11,560,729","2,905,913","3,978,346 ",Asia,5,330,0,"1,269",20,"11,409"
30/11/2021,Nepal,"821,366",+245,"11,526 ",+2,"802,909",+256,"6,931",,"27,492",386,"4,622,560","154,724","29,876,090 ",Asia,36,"2,592",6,8,0.07,232
30/11/2021,UAE,"742,041",+65,"2,147 ",+1,"736,939",+77,"2,955",,"73,768",213,"101,356,006","10,076,061","10,059,090 ",Asia,14,"4,685",0,6,0.10,294
30/11/2021,Tunisia,"717,572",+263,"25,373 ",+8,"691,031",+128,"1,168",58,"59,831","2,116","3,177,078","264,906","11,993,220 ",Africa,17,473,4,22,0.7,97
30/11/2021,Bulgaria,"695,057","+2,681","28,453 ",+128,"561,485","+2,557","105,119",717,"101,106","4,139","6,576,558","956,659","6,874,506 ",Europe,10,242,1,390,19,"15,291"
30/11/2021,Slovakia,"680,084","+7,069","14,418 ",+77,"555,525","+6,354","110,141",585,"124,480","2,639","4,585,219","839,264","5,463,379 ",Europe,8,379,1,"1,294",14,"20,160"
30/11/2021,Lebanon,"670,656","+2,051","8,725 ",+9,"633,299",+676,"28,632",186,"98,884","1,286","4,795,578","707,078","6,782,245 ",Asia,10,777,1,302,1,"4,222"
30/11/2021,Belarus,"654,718","+1,395","5,081 ",+14,"641,570","+1,438","8,067",,"69,320",538,"10,386,520","1,099,693","9,444,931 ",Europe,14,"1,859",1,148,1,854
30/11/2021,Guatemala,"617,984",+363,"15,943 ",+10,"600,621",+475,"1,420",5,"33,617",867,"3,120,035","169,723","18,383,054 ",North America,30,"1,153",6,20,0.5,77
30/11/2021,Croatia,"608,205","+3,858","10,899 ",+73,"567,869","+4,239","29,437",314,"149,455","2,678","3,449,298","847,601","4,069,482 ",Europe,7,373,1,948,18,"7,234"
30/11/2021,Azerbaijan,"588,318","+1,678","7,856 ",+23,"554,749","+1,934","25,713",,"57,295",765,"5,539,284","539,459","10,268,225 ",Asia,17,"1,307",2,163,2,"2,504"
30/11/2021,Ireland,"570,115","+5,458","5,652 ",,"441,593","+1,970","122,870",122,"113,667","1,127","8,983,297","1,791,052","5,015,655 ",Europe,9,887,1,"1,088",,"24,497"
30/11/2021,Costa Rica,"566,839",+48,"7,299 ",+3,"548,020","+1,082","11,520",83,"109,857","1,415","2,715,029","526,188","5,159,803 ",North America,9,707,2,9,0.6,"2,233"
30/11/2021,Sri Lanka,"563,989",+722,"14,346 ",+18,"529,662",,"19,981",,"26,183",666,"5,640,979","261,883","21,540,081 ",Asia,38,"1,501",4,34,0.8,928
30/11/2021,Saudi Arabia,"549,752",+32,"8,836 ",+2,"538,913",+28,"2,003",40,"15,452",248,"31,494,154","885,191","35,578,933 ",Asia,65,"4,027",1,0.9,0.06,56
30/11/2021,Bolivia,"537,559","+1,087","19,171 ",+10,"492,921",+975,"25,467",220,"45,182","1,611","2,593,083","217,947","11,897,757 ",South America,22,621,5,91,0.8,"2,140"
30/11/2021,Ecuador,"526,870",,"33,250 ",,"443,880",,"49,740",759,"29,236","1,845","2,013,368","111,723","18,021,114 ",South America,34,542,9,,,"2,760"
30/11/2021,Myanmar,"522,402",+471,"19,104 ",+7,"497,249",+589,"6,049",,"9,511",348,"5,583,908","101,664","54,924,965 ",Asia,105,"2,875",10,9,0.1,110
30/11/2021,Denmark,"487,401","+4,148","2,895 ",+12,"403,118",,"81,388",60,"83,731",497,"93,815,873","16,116,747","5,821,018 ",Europe,12,"2,011",0,713,2,"13,982"
30/11/2021,Panama,"477,742",+134,"7,365 ",+3,"467,826",+228,"2,551",20,"108,317","1,670","4,236,620","960,552","4,410,610 ",North America,9,599,1,30,0.7,578
30/11/2021,Lithuania,"470,298","+1,701","6,737 ",+15,"435,768","+3,362","27,793",127,"176,235","2,525","6,143,115","2,302,015","2,668,582 ",Europe,6,396,0,637,6,"10,415"
30/11/2021,Paraguay,"463,058",+57,"16,472 ",+3,"445,793",+70,793,38,"63,815","2,270","1,948,511","268,530","7,256,214 ",South America,16,441,4,8,0.4,109
30/11/2021,S. Korea,"447,230","+3,030","3,624 ",+44,"396,070","+2,453","47,536",661,"8,713",71,"15,804,065","307,882","51,331,529 ",Asia,115,"14,164",3,59,0.9,926
30/11/2021,Venezuela,"431,296",,"5,144 ",,"418,472",,"7,680",681,"15,228",182,"3,359,014","118,601","28,322,074 ",South America,66,"5,506",8,,,271
30/11/2021,Palestine,"430,443",+360,"4,535 ",+4,"422,781",+120,"3,127",42,"81,700",861,"2,736,577","519,413","5,268,600 ",Asia,12,"1,162",2,68,0.8,594
30/11/2021,Slovenia,"420,898","+2,482","5,224 ",+16,"378,536","+3,752","37,138",190,"202,419","2,512","1,936,323","931,219","2,079,342 ",Europe,5,398,1,"1,194",8,"17,860"
30/11/2021,Kuwait,"413,362",+35,"2,465 ",,"410,627",+17,270,,"94,814",565,"5,330,503","1,222,677","4,359,700 ",Asia,11,"1,769",1,8,,62
30/11/2021,Dominican Republic,"407,251",+138,"4,204 ",,"399,896",+433,"3,151",186,"37,018",382,"2,458,249","223,447","11,001,505 ",North America,27,"2,617",4,13,,286
30/11/2021,Uruguay,"399,695",+191,"6,131 ",+1,"391,489",+201,"2,075",12,"114,502","1,756","4,109,262","1,177,190","3,490,737 ",South America,9,569,1,55,0.3,594
30/11/2021,Mongolia,"381,528",+393,"2,003 ",+8,"313,256",,"66,269",192,"113,794",597,"4,030,048","1,202,002","3,352,781 ",Asia,9,"1,674",1,117,2,"19,765"
30/11/2021,Honduras,"377,888",,"10,403 ",,"120,308",,"247,177",59,"37,315","1,027","1,121,382","110,733","10,126,888 ",North America,27,973,9,,,"24,408"
30/11/2021,Libya,"372,636",+427,"5,456 ",+8,"345,986","+1,899","21,194",,"53,210",779,"1,908,835","272,567","7,003,170 ",Africa,19,"1,284",4,61,1,"3,026"
30/11/2021,Ethiopia,"371,536",+190,"6,755 ",+5,"349,037",+151,"15,744",233,"3,123",57,"3,871,923","32,543","118,977,453 ",Africa,320,"17,613",31,2,0.04,132
30/11/2021,Moldova,"363,774",+664,"9,119 ",+29,"363,774","+16,656","-9,119",206,"90,475","2,268","2,210,968","549,895","4,020,713 ",Europe,11,441,2,165,7,"-2,268.01"
30/11/2021,Egypt,"358,578",+949,"20,474 ",+62,"297,536",+639,"40,568",90,"3,413",195,"3,693,367","35,156","105,056,935 ",Africa,293,"5,131",28,9,0.6,386
30/11/2021,Armenia,"338,518",+398,"7,567 ",+32,"317,175",+977,"13,776",,"113,938","2,547","2,366,680","796,576","2,971,068 ",Asia,9,393,1,134,11,"4,637"
30/11/2021,Oman,"304,554",+4,"4,113 ",,"300,005",+54,436,4,"57,575",778,"25,000,000","4,726,190","5,289,673 ",Asia,17,"1,286",0,0.8,,82
30/11/2021,Bahrain,"277,690",+62,"1,394 ",,"275,953",+24,343,2,"155,582",781,"7,401,706","4,146,981","1,784,842 ",Asia,6,"1,280",0,35,,192
30/11/2021,Bosnia and Herzegovina,"275,065",+846,"12,586 ",+31,"192,218",,"70,261",,"84,584","3,870","1,397,409","429,711","3,251,974 ",Europe,12,258,2,260,10,"21,606"
30/11/2021,Norway,"267,843","+4,045","1,054 ",+4,"88,952",,"177,837",59,"48,867",192,"8,592,158","1,567,596","5,481,106 ",Europe,20,"5,200",1,738,0.7,"32,445"
30/11/2021,Singapore,"264,725","+1,239",718 ,+8,"251,533","+1,399","12,474",65,"44,752",121,"21,098,774","3,566,802","5,915,319 ",Asia,22,"8,239",0,209,1,"2,109"
30/11/2021,Kenya,"255,088",+109,"5,335 ",+1,"248,318",+10,"1,435",20,"4,601",96,"2,835,065","51,136","55,441,352 ",Africa,217,"10,392",20,2,0.02,26
30/11/2021,Latvia,"253,659",+931,"4,179 ",+24,"236,997",,"12,483",171,"136,617","2,251","5,334,912","2,873,307","1,856,715 ",Europe,7,444,0,501,13,"6,723"
30/11/2021,Qatar,"243,447",+157,611 ,,"240,791",+125,"2,045",15,"86,704",218,"2,993,286","1,066,059","2,807,805 ",Asia,12,"4,595",1,56,,728
30/11/2021,Estonia,"222,584",+724,"1,798 ",,"202,174",+859,"18,612",35,"167,634","1,354","2,334,155","1,757,917","1,327,796 ",Europe,6,738,1,545,,"14,017"
30/11/2021,North Macedonia,"215,585",+460,"7,581 ",+12,"200,003",+543,"8,001",,"103,485","3,639","1,471,420","706,309","2,083,253 ",Europe,10,275,1,221,6,"3,841"
30/11/2021,Nigeria,"214,218",+105,"2,977 ",+1,"207,304",+12,"3,937",11,"1,004",14,"3,479,682","16,310","213,341,137 ",Africa,996,"71,663",61,0.5,,18
30/11/2021,Algeria,"210,531",+187,"6,071 ",+7,"144,450",+155,"60,010",14,"4,682",135,"230,861","5,134","44,968,076 ",Africa,214,"7,407",195,4,0.2,"1,335"
30/11/2021,Australia,"210,239","+1,097","2,006 ",+9,"192,746",,"15,487",72,"8,112",77,"47,884,203","1,847,558","25,917,562 ",Australia/Oceania,123,"12,920",1,42,0.3,598
30/11/2021,Zambia,"210,169",+19,"3,667 ",,"206,406",+14,96,7,"10,998",192,"2,721,665","142,426","19,109,375 ",Africa,91,"5,211",7,1.0,,5
30/11/2021,Albania,"199,945",+195,"3,096 ",+4,"189,784",+557,"7,065",23,"69,586","1,077","1,394,136","485,194","2,873,357 ",Europe,14,928,2,68,1,"2,459"
30/11/2021,Botswana,"195,068",,"2,418 ",,"192,048",,602,1,"80,654","1,000","1,869,359","772,912","2,418,592 ",Africa,12,"1,000",1,,,249
30/11/2021,Uzbekistan,"193,208",+143,"1,402 ",+3,"189,859",+195,"1,947",23,"5,657",41,"1,377,915","40,344","34,153,753 ",Asia,177,"24,361",25,4,0.09,57
30/11/2021,Finland,"186,538",+916,"1,335 ",,"46,000",,"139,203",51,"33,593",240,"7,896,869","1,422,121","5,552,881 ",Europe,30,"4,159",1,165,,"25,069"
30/11/2021,Kyrgyzstan,"183,351",+66,"2,746 ",+3,"178,230",+118,"2,375",131,"27,464",411,"1,833,445","274,629","6,676,068 ",Asia,36,"2,431",4,10,0.4,356
30/11/2021,Montenegro,"157,376",+291,"2,307 ",+7,"152,495",+309,"2,574",60,"250,528","3,673","906,988","1,443,839","628,178 ",Europe,4,272,1,463,11,"4,098"
30/11/2021,Afghanistan,"157,289",+28,"7,308 ",,"140,549",+19,"9,432","1,124","3,916",182,"792,156","19,723","40,164,434 ",Asia,255,"5,496",51,0.7,,235
30/11/2021,Mozambique,"151,548",+20,"1,941 ",,"149,514",+22,93,8,"4,665",60,"977,894","30,099","32,489,229 ",Africa,214,"16,738",33,0.6,,3
30/11/2021,Zimbabwe,"134,625",+399,"4,707 ",+1,"128,747",+44,"1,171",12,"8,875",310,"1,593,325","105,043","15,168,267 ",Africa,113,"3,222",10,26,0.07,77
30/11/2021,Cyprus,"134,473",+613,597 ,+3,"124,370",,"9,506",51,"110,244",489,"9,477,138","7,769,598","1,219,772 ",Asia,9,"2,043",0,503,2,"7,793"
30/11/2021,Ghana,"130,920",,"1,209 ",,"129,042",,669,5,"4,093",38,"1,933,408","60,442","31,987,619 ",Africa,244,"26,458",17,,,21
30/11/2021,Namibia,"129,187",,"3,573 ",,"125,487",,127,2,"49,576","1,371","787,883","302,355","2,605,818 ",Africa,20,729,3,,,49
30/11/2021,Uganda,"127,512",+27,"3,252 ",,"97,537",+25,"26,723",115,"2,669",68,"1,958,401","40,992","47,775,449 ",Africa,375,"14,691",24,0.6,,559
30/11/2021,Cambodia,"120,134",+22,"2,940 ",+5,"116,507",+19,687,,"7,048",172,"2,715,508","159,309","17,045,531 ",Asia,142,"5,798",6,1,0.3,40
30/11/2021,El Salvador,"119,803",,"3,776 ",+2,"102,982",,"13,045",336,"18,340",578,"1,440,742","220,552","6,532,435 ",North America,55,"1,730",5,,0.3,"1,997"
30/11/2021,Cameroon,"106,794",,"1,791 ",,"102,716",,"2,287",152,"3,887",65,"1,751,774","63,754","27,477,249 ",Africa,257,"15,342",16,,,83
30/11/2021,Rwanda,"100,349",+5,"1,342 ",,"45,522",+1,"53,485",1,"7,486",100,"3,480,201","259,624","13,404,774 ",Africa,134,"9,989",4,0.4,,"3,990"
30/11/2021,Maldives,"91,650",+107,250 ,,"89,774",+227,"1,626",23,"165,441",451,"1,751,178","3,161,114","553,975 ",Asia,6,"2,216",0,193,,"2,935"
30/11/2021,Jamaica,"91,249",+27,"2,392 ",+1,"62,642",+103,"26,215",11,"30,626",803,"672,626","225,757","2,979,425 ",North America,33,"1,246",4,9,0.3,"8,799"
30/11/2021,Luxembourg,"89,181",+171,875 ,+1,"83,919",+50,"4,387",12,"139,270","1,366","3,688,070","5,759,487","640,347 ",Europe,7,732,0,267,2,"6,851"
30/11/2021,Senegal,"73,987",,"1,885 ",,"72,091",+3,11,2,"4,261",109,"874,023","50,330","17,365,747 ",Africa,235,"9,213",20,,,0.6
30/11/2021,Laos,"73,738","+1,291",170 ,+4,"7,339",,"66,229",,"9,932",23,"788,302","106,175","7,424,555 ",Asia,101,"43,674",9,174,0.5,"8,920"
30/11/2021,Trinidad and Tobago,"71,361",+763,"2,158 ",+24,"58,363",+457,"10,840",22,"50,759","1,535","445,676","317,006","1,405,890 ",North America,20,651,3,543,17,"7,710"
30/11/2021,Angola,"65,168",+13,"1,733 ",,"63,214",+8,221,3,"1,900",51,"1,179,270","34,375","34,306,210 ",Africa,526,"19,796",29,0.4,,6
30/11/2021,Malawi,"61,916",+15,"2,306 ",+1,"58,807",+12,803,67,"3,123",116,"442,053","22,296","19,826,625 ",Africa,320,"8,598",45,0.8,0.05,41
30/11/2021,Ivory Coast,"61,724",+12,704 ,,"60,739",+18,281,,"2,261",26,"1,151,972","42,198","27,298,982 ",Africa,442,"38,777",24,0.4,,10
30/11/2021,Réunion,"61,188","+2,140",384 ,+3,"57,781","+1,741","3,023",18,"67,661",425,"1,347,378","1,489,909","904,336 ",Africa,15,"2,355",1,"2,366",3,"3,343"
30/11/2021,DRC,"58,234",,"1,107 ",,"50,930",,"6,197",,624,12,"306,299","3,280","93,396,693 ",Africa,"1,604","84,369",305,,,66
30/11/2021,Guadeloupe,"55,147",,746 ,,"2,250",,"52,151",23,"137,791","1,864","551,264","1,377,399","400,221 ",North America,7,536,1,,,"130,306"
30/11/2021,Fiji,"52,506",,696 ,,"51,037",,773,,"57,978",769,"460,369","508,347","905,619 ",Australia/Oceania,17,"1,301",2,,,854
30/11/2021,Suriname,"50,823",+63,"1,166 ",,"29,570",+1,"20,087",9,"85,553","1,963","159,256","268,083","594,054 ",South America,12,509,4,106,,"33,813"
30/11/2021,Syria,"48,170",+102,"2,749 ",+5,"29,172",+94,"16,249",,"2,661",152,"103,566","5,722","18,099,930 ",Asia,376,"6,584",175,6,0.3,898
30/11/2021,Eswatini,"46,656",+74,"1,248 ",,"45,242",+1,166,10,"39,636","1,060","388,843","330,333","1,177,124 ",Africa,25,943,3,63,,141
30/11/2021,French Guiana,"46,014",+75,327 ,,"11,254",,"34,433",9,"148,627","1,056","451,659","1,458,880","309,593 ",South America,7,947,1,242,,"111,220"
30/11/2021,French Polynesia,"45,609",,636 ,,N/A,N/A,N/A,7,"161,048","2,246",,,"283,202 ",Australia/Oceania,6,445,,,,"40,512"
30/11/2021,Martinique,"45,501",+529,718 ,+9,104,,"44,679",1,"121,383","1,915","416,247","1,110,424","374,854 ",North America,8,522,1,"1,411",24,"119,190"
30/11/2021,Madagascar,"44,330",,967 ,,"42,915",,448,3,"1,545",34,"283,728","9,888","28,694,316 ",Africa,647,"29,674",101,,,16
30/11/2021,Sudan,"43,084",+258,"3,159 ",+18,"32,905",,"7,020",,951,70,"238,579","5,268","45,292,601 ",Africa,"1,051","14,338",190,6,0.4,155
30/11/2021,Malta,"39,435",+106,468 ,,"37,386",+54,"1,581",2,"88,977","1,056","1,211,456","2,733,405","443,204 ",Europe,11,947,0,239,,"3,567"
30/11/2021,Mauritania,"39,266",+53,832 ,+1,"37,546",+78,888,14,"8,143",173,"504,140","104,552","4,821,895 ",Africa,123,"5,796",10,11,0.2,184
30/11/2021,Cabo Verde,"38,370",+3,349 ,,"37,953",+4,68,23,"67,970",618,"211,166","374,068","564,513 ",Africa,15,"1,618",3,5,,120
30/11/2021,Guyana,"37,874",+49,994 ,+2,"35,651",+272,"1,229",18,"47,826","1,255","390,796","493,484","791,913 ",South America,21,797,2,62,3,"1,552"
30/11/2021,Gabon,"37,342",,279 ,,"32,296",,"4,767",10,"16,237",121,"1,399,453","608,518","2,299,771 ",Africa,62,"8,243",2,,,"2,073"
30/11/2021,Papua New Guinea,"35,179",+89,546 ,+1,"33,989",+105,644,7,"3,830",59,"249,149","27,122","9,186,083 ",Australia/Oceania,261,"16,824",37,10,0.1,70
30/11/2021,Guinea,"30,770",,387 ,,"29,725",,658,49,"2,257",28,"569,940","41,801","13,634,756 ",Africa,443,"35,232",24,,,48
30/11/2021,Belize,"30,431",+93,578 ,+4,"28,768",+122,"1,085",10,"74,620","1,417","349,397","856,762","407,811 ",North America,13,706,1,228,10,"2,661"
30/11/2021,Tanzania,"26,270",+9,730 ,,N/A,N/A,N/A,7,423,12,,,"62,131,352 ",Africa,"2,365","85,111",,0.1,,408
30/11/2021,Togo,"26,265",+15,243 ,,"25,915",+8,107,,"3,071",28,"580,145","67,835","8,552,259 ",Africa,326,"35,194",15,2,,13
30/11/2021,Barbados,"25,316",+164,229 ,+1,"22,029",+302,"3,058",,"87,942",795,"436,531","1,516,407","287,872 ",North America,11,"1,257",1,570,3,"10,623"
30/11/2021,Haiti,"25,175",,738 ,,"21,262",,"3,175",,"2,170",64,"132,422","11,417","11,598,748 ",North America,461,"15,716",88,,,274
30/11/2021,Benin,"24,850",,161 ,,"24,546",,143,5,"1,977",13,"604,310","48,073","12,570,703 ",Africa,506,"78,079",21,,,11
30/11/2021,Seychelles,"23,197",,125 ,,"22,590",,482,,"233,824","1,260",,,"99,207 ",Africa,4,794,,,,"4,859"
30/11/2021,Somalia,"23,016",,"1,327 ",,"12,046",,"9,643",,"1,393",80,"262,138","15,870","16,517,979 ",Africa,718,"12,448",63,,,584
30/11/2021,Bahamas,"22,791",+28,671 ,,"21,609",+2,511,4,"57,185","1,684","168,678","423,229","398,550 ",North America,17,594,2,70,,"1,282"
30/11/2021,Lesotho,"21,779",,662 ,,"13,689",,"7,428",,"10,054",306,"259,044","119,583","2,166,232 ",Africa,99,"3,272",8,,,"3,429"
30/11/2021,Mauritius,"21,543",+157,455 ,,"19,716",+173,"1,372",,"16,900",357,"358,675","281,369","1,274,750 ",Africa,59,"2,802",4,123,,"1,076"
30/11/2021,Mayotte,"20,973",+13,185 ,,"2,964",,"17,824",,"74,348",656,"176,919","627,163","282,094 ",Africa,13,"1,525",2,46,,"63,185"
30/11/2021,Burundi,"20,415",+19,38 ,,773,,"19,604",,"1,648",3,"345,742","27,906","12,389,652 ",Africa,607,"326,043",36,2,,"1,582"
30/11/2021,Timor-Leste,"19,822",,122 ,,"19,697",,3,,"14,641",90,"169,501","125,198","1,353,865 ",Asia,68,"11,097",8,,,2
30/11/2021,Congo,"18,970",+65,354 ,,"12,421",,"6,195",,"3,323",62,"188,207","32,964","5,709,536 ",Africa,301,"16,129",30,11,,"1,085"
30/11/2021,Channel Islands,"18,182",+298,103 ,,"15,907",+194,"2,172",,"103,233",585,"1,079,242","6,127,670","176,126 ",Europe,10,"1,710",0,"1,692",,"12,332"
30/11/2021,Iceland,"17,894",+124,35 ,,"16,318",+175,"1,541",2,"51,961",102,"1,248,736","3,626,136","344,371 ",Europe,19,"9,839",0,360,,"4,475"
30/11/2021,Mali,"17,434",+70,606 ,,"15,161",+26,"1,667",,827,29,"489,401","23,225","21,072,584 ",Africa,"1,209","34,773",43,3,,79
30/11/2021,Curaçao,"17,401",,178 ,,"17,119",,104,3,"105,434","1,079","336,234","2,037,276","165,041 ",North America,9,927,0,,,630
30/11/2021,Nicaragua,"17,254",+102,210 ,+1,"4,225",,"12,819",,"2,562",31,,,"6,735,816 ",North America,390,"32,075",,15,0.1,"1,903"
30/11/2021,Andorra,"17,185",+70,131 ,,"15,955",+52,"1,099",4,"221,914","1,692","193,595","2,499,935","77,440 ",Europe,5,591,0,904,,"14,192"
30/11/2021,Tajikistan,"17,095",,124 ,,"16,966",,5,,"1,737",13,,,"9,839,683 ",Asia,576,"79,352",,,,0.5
30/11/2021,Taiwan,"16,601",+5,848 ,,"15,608",+5,145,,695,36,"8,376,136","350,794","23,877,680 ",Asia,"1,438","28,158",3,0.2,,6
30/11/2021,Aruba,"16,354",+19,174 ,,"15,994",+8,186,13,"152,263","1,620","177,885","1,656,192","107,406 ",North America,7,617,1,177,,"1,732"
30/11/2021,Burkina Faso,"16,000",+289,286 ,+5,"15,345",+134,369,,737,13,"234,250","10,789","21,710,933 ",Africa,"1,357","75,912",93,13,0.2,17
30/11/2021,Brunei ,"15,058",,97 ,,"14,451",,510,,"33,961",219,"614,805","1,386,588","443,394 ",Asia,29,"4,571",1,,,"1,150"
30/11/2021,Equatorial Guinea,"13,592",+13,175 ,+2,"13,343",+20,74,1,"9,260",119,"242,340","165,094","1,467,891 ",Africa,108,"8,388",6,9,1,50
30/11/2021,Djibouti,"13,504",,186 ,,"13,293",,25,,"13,393",184,"246,724","244,699","1,008,276 ",Africa,75,"5,421",4,,,25
30/11/2021,Saint Lucia,"13,000",+11,280 ,,"12,607",+15,113,9,"70,341","1,515","100,242","542,397","184,813 ",North America,14,660,2,60,,611
30/11/2021,South Sudan,"12,758",+3,133 ,,"12,463",,162,2,"1,121",12,"267,531","23,511","11,378,990 ",Africa,892,"85,556",43,0.3,,14
30/11/2021,Hong Kong,"12,437",+6,213 ,,"12,133",,91,,"1,640",28,"28,195,188","3,718,272","7,582,874 ",Asia,610,"35,600",0,0.8,,12
30/11/2021,New Caledonia,"12,159",+20,276 ,,"11,591",+40,292,11,"42,018",954,"42,756","147,754","289,373 ",Australia/Oceania,24,"1,048",7,69,,"1,009"
30/11/2021,CAR,"11,708",,101 ,,"6,859",,"4,748",2,"2,366",20,"60,228","12,172","4,948,236 ",Africa,423,"48,992",82,,,960
30/11/2021,New Zealand,"11,576",+132,44 ,+1,"5,654",+9,"5,878",64,"2,314",9,"4,909,302","981,448","5,002,100 ",Australia/Oceania,432,"113,684",1,26,0.2,"1,175"
30/11/2021,Isle of Man,"11,339",+109,66 ,,"10,522",,751,1,"132,358",770,"133,676","1,560,378","85,669 ",Europe,8,"1,298",1,"1,272",,"8,766"
30/11/2021,Yemen,"10,004",+9,"1,950 ",+1,"6,887",+14,"1,167",23,325,63,"265,253","8,625","30,752,189 ",Asia,"3,074","15,770",116,0.3,0.03,38
30/11/2021,Gambia,"9,989",,342 ,,"9,638",,9,3,"3,976",136,"121,854","48,502","2,512,327 ",Africa,252,"7,346",21,,,4
30/11/2021,Eritrea,"7,358",+17,60 ,,"7,096",+12,202,,"2,035",17,"23,693","6,553","3,615,696 ",Africa,491,"60,262",153,5,,56
30/11/2021,Gibraltar,"7,248",+43,98 ,,"6,698",+5,452,3,"215,221","2,910","415,755","12,345,369","33,677 ",Europe,5,344,0,"1,277",,"13,422"
30/11/2021,Cayman Islands,"7,074",+336,5 ,+1,"2,990",+440,"4,079",22,"105,879",75,"204,495","3,060,753","66,812 ",North America,9,"13,362",0,"5,029",15,"61,052"
30/11/2021,Niger,"7,007",+18,259 ,+1,"6,613",+32,135,2,275,10,"188,729","7,419","25,440,031 ",Africa,"3,631","98,224",135,0.7,0.04,5
30/11/2021,Guinea-Bissau,"6,440",,148 ,,"6,271",+3,21,,"3,167",73,"107,064","52,648","2,033,572 ",Africa,316,"13,740",19,,,10
30/11/2021,Sierra Leone,"6,402",,121 ,,N/A,N/A,N/A,,780,15,"160,729","19,587","8,205,759 ",Africa,"1,282","67,816",51,,,230
30/11/2021,Dominica,"6,028",+73,38 ,,"5,615",+140,375,,"83,445",526,"109,026","1,509,240","72,239 ",North America,12,"1,901",1,"1,011",,"5,191"
30/11/2021,San Marino,"5,979",,93 ,,"5,610",,276,2,"175,688","2,733","90,716","2,665,609","34,032 ",Europe,6,366,0,,,"8,110"
30/11/2021,Grenada,"5,894",+6,200 ,,"5,624",,70,2,"52,040","1,766","87,383","771,533","113,259 ",North America,19,566,1,53,,618
30/11/2021,Liberia,"5,824",+1,287 ,,"5,523",,14,2,"1,115",55,"128,246","24,543","5,225,264 ",Africa,897,"18,206",41,0.2,,3
30/11/2021,Bermuda,"5,748",,106 ,,"5,609",,33,2,"92,780","1,711","646,478","10,434,975","61,953 ",North America,11,584,0,,,533
30/11/2021,St. Vincent Grenadines,"5,525",,74 ,,"4,991",,460,7,"49,579",664,"90,554","812,595","111,438 ",North America,20,"1,506",1,,,"4,128"
30/11/2021,Chad,"5,105",,175 ,,"4,874",,56,,299,10,"148,082","8,665","17,089,911 ",Africa,"3,348","97,657",115,,,3
30/11/2021,Liechtenstein,"4,633",+71,61 ,,"4,206",+67,366,9,"121,020","1,593","77,368","2,020,949","38,283 ",Europe,8,628,0,"1,855",,"9,560"
30/11/2021,Sint Maarten,"4,588",+4,75 ,,"4,488",+3,25,10,"105,319","1,722","62,056","1,424,512","43,563 ",North America,9,581,1,92,,574
30/11/2021,Comoros,"4,501",+3,150 ,,"4,296",+12,55,,"5,025",167,,,"895,722 ",Africa,199,"5,971",,3,,61
30/11/2021,Antigua and Barbuda,"4,141",,117 ,,"4,018",+10,6,11,"41,797","1,181","17,782","179,482","99,074 ",North America,24,847,6,,,61
30/11/2021,Saint Martin,"3,949",,56 ,,"1,399",,"2,494",7,"99,732","1,414","54,303","1,371,426","39,596 ",North America,10,707,1,,,"62,986"
30/11/2021,Monaco,"3,767",+29,36 ,,"3,585",+25,146,1,"95,042",908,"54,960","1,386,653","39,635 ",Europe,11,"1,101",1,732,,"3,684"
30/11/2021,Sao Tome and Principe,"3,731",,56 ,,"3,675",,0,,"16,590",249,"14,689","65,313","224,900 ",Africa,60,"4,016",15,,,
30/11/2021,Faeroe Islands,"3,626",+73,13 ,,"3,153",+43,460,7,"73,812",265,"564,000","11,480,916","49,125 ",Europe,14,"3,779",0,"1,486",,"9,364"
30/11/2021,Turks and Caicos,"3,096",,24 ,,"3,021",,51,,"78,467",608,"94,789","2,402,398","39,456 ",North America,13,"1,644",0,,,"1,293"
30/11/2021,Caribbean Netherlands,"2,938",+33,22 ,,"2,660",+21,256,,"110,588",828,"30,126","1,133,963","26,567 ",North America,9,"1,208",1,"1,242",,"9,636"
30/11/2021,Saint Kitts and Nevis,"2,786",+4,28 ,,"2,738",+6,20,1,"51,852",521,"56,538","1,052,261","53,730 ",North America,19,"1,919",1,74,,372
30/11/2021,British Virgin Islands,"2,765",,38 ,,N/A,N/A,N/A,7,"90,611","1,245","82,570","2,705,882","30,515 ",North America,11,803,0,,,"2,556"
30/11/2021,Bhutan,"2,640",,3 ,,"2,623",+3,14,,"3,369",4,"1,241,845","1,584,788","783,603 ",Asia,297,"261,201",1,,,18
30/11/2021,St. Barth,"1,601",,6 ,,N/A,N/A,N/A,,"161,391",605,"56,491","5,694,657","9,920 ",North America,6,"1,653",0,,,"114,214"
30/11/2021,Greenland,"1,456",, ,,"1,156",,300,2,"25,585",,"110,294","1,938,077","56,909 ",North America,39,,1,,,"5,272"
30/11/2021,Anguilla,"1,386",,3 ,,"1,273",,110,,"91,232",197,"51,382","3,382,175","15,192 ",North America,11,"5,064",0,,,"7,241"
30/11/2021,Diamond Princess,712,,13 ,,699,,0,,,,,, ,,,,,,,
30/11/2021,Wallis and Futuna,445,,7 ,,438,,0,,"40,598",639,"20,508","1,870,997","10,961 ",Australia/Oceania,25,"1,566",1,,,
30/11/2021,Falkland Islands,79,, ,,N/A,N/A,N/A,,"21,805",,"7,747","2,138,283","3,623 ",South America,46,,0,,,"3,036"
30/11/2021,Macao,77,, ,,77,,0,,116,,"5,019","7,584","661,828 ",Asia,"8,595",,132,,,
30/11/2021,Saint Pierre Miquelon,59,, ,,32,,27,,"10,254",,"11,864","2,061,870","5,754 ",North America,98,,0,,,"4,692"
30/11/2021,Montserrat,44,,1 ,,41,,2,,"8,807",200,"2,920","584,468","4,996 ",North America,114,"4,996",2,,,400
30/11/2021,Vatican City,27,, ,,27,,0,,"33,582",,,,804 ,Europe,30,,,,,
30/11/2021,Solomon Islands,20,, ,,20,,0,,28,,"4,500","6,332","710,627 ",Australia/Oceania,"35,531",,158,,,
30/11/2021,Western Sahara,10,,1 ,,8,,1,,16,2,,,"618,040 ",Africa,"61,804","618,040",,,,2
30/11/2021,MS Zaandam,9,,2 ,,7,,0,,,,,, ,,,,,,,
30/11/2021,Palau,8,, ,,8,,0,,439,,"11,133","611,166","18,216 ",Australia/Oceania,"2,277",,2,,,
30/11/2021,Vanuatu,6,,1 ,,3,,2,,19,3,"23,000","72,495","317,263 ",Australia/Oceania,"52,877","317,263",14,,,6
30/11/2021,Marshall Islands,4,, ,,4,,0,,67,,,,"59,754 ",Australia/Oceania,"14,939",,,,,
30/11/2021,Samoa,3,, ,,3,,0,,15,,,,"200,276 ",Australia/Oceania,"66,759",,,,,
30/11/2021,Saint Helena,2,, ,,2,,0,,328,,,,"6,103 ",Africa,"3,052",,,,,
30/11/2021,Micronesia,1,, ,,1,,0,,9,,,,"116,725 ",Australia/Oceania,"116,725",,,,,
30/11/2021,Tonga,1,, ,,1,,0,,9,,,,"107,386 ",Australia/Oceania,"107,386",,,,,
